Unnamed: 0.1,index,Unnamed: 0,SMILES,RT,Speed,i-PrOH_proportion,Literature,Column,alpha,beta
136,71,140,CCOC(OCC)C#C[C@H](C)c1ccc(C)cc1,4.74,1.0,0.02,10.1038/s41557/019/0346/2,IG,1.2046413502109703,1.527173913043478
137,71,139,CCOC(OCC)C#C[C@@H](C)c1ccc(C)cc1,5.71,1.0,0.02,10.1038/s41557/019/0346/2,IG,1.2046413502109703,1.527173913043478
304,159,311,CCOC(OCC)C#C[C@H](C)c1ccc(C)cc1,4.82,1.0,0.02,10.1038/s41557/019/0346/2,IG,1.2157676348547717,1.5416666666666663
305,159,312,CCOC(OCC)C#C[C@@H](C)c1ccc(C)cc1,5.86,1.0,0.02,10.1038/s41557/019/0346/2,IG,1.2157676348547717,1.5416666666666663
714,384,742,CCCCCC[C@H](C)c1cc(c(C)n1c2ccc(cn2)c3cc(cc(c3)C(F)(F)F)C(F)(F)F)C(=O)OCC,7.55,0.6,0.1,10.1021/jacs.1c08562,IG,1.095364238410596,1.265030674846626
715,384,741,CCCCCC[C@@H](C)c1cc(c(C)n1c2ccc(cn2)c3cc(cc(c3)C(F)(F)F)C(F)(F)F)C(=O)OCC,8.27,0.6,0.1,10.1021/jacs.1c08562,IG,1.095364238410596,1.265030674846626
980,534,1024,CC[C@@H](C#Cc1ccc(C=C)cc1)c2ccccc2,7.88,0.5,0.01,10.1038/s41557/019/0346/2,IG,1.0786802030456852,1.2980769230769231
981,534,1025,CC[C@H](C#Cc1ccc(C=C)cc1)c2ccccc2,8.5,0.5,0.01,10.1038/s41557/019/0346/2,IG,1.0786802030456852,1.2980769230769231
2106,1151,2205,C#C[C@@H](CCCC#N)c1ccccc1,11.88,0.5,0.15,10.1038/s41557/019/0346/2,IG,1.0538720538720538,1.1052631578947367
2107,1151,2204,C#C[C@H](CCCC#N)c1ccccc1,12.52,0.5,0.15,10.1038/s41557/019/0346/2,IG,1.0538720538720538,1.1052631578947367
2658,1445,2775,CCOC(OCC)C#C[C@H](C)c1ccc(C)c(OC)c1,13.79,0.4,0.01,10.1038/s41557/019/0346/2,IG,1.110949963741842,1.2339449541284404
2659,1445,2774,CCOC(OCC)C#C[C@@H](C)c1ccc(C)c(OC)c1,15.32,0.4,0.01,10.1038/s41557/019/0346/2,IG,1.110949963741842,1.2339449541284404
3002,1633,3134,CCOC(OCC)C#C[C@H](C)c1ccc(C)c(OC)c1,13.59,0.4,0.01,10.1038/s41557/019/0346/2,IG,1.099337748344371,1.2129337539432177
3003,1633,3135,CCOC(OCC)C#C[C@@H](C)c1ccc(C)c(OC)c1,14.94,0.4,0.01,10.1038/s41557/019/0346/2,IG,1.099337748344371,1.2129337539432177
3210,1745,3351,CC[C@H](C#Cc1ccc(cc1)C(F)(F)F)c2ccccc2,15.7,0.3,0.0,10.1038/s41557/019/0346/2,IG,1.1070063694267516,1.278453038674033
3211,1745,3350,CC[C@@H](C#Cc1ccc(cc1)C(F)(F)F)c2ccccc2,17.38,0.3,0.0,10.1038/s41557/019/0346/2,IG,1.1070063694267516,1.278453038674033
3708,2006,3861,CC[C@H](C#CC1CC1)c2ccccc2,17.83,0.3,0.0,10.1038/s41557/019/0346/2,IG,1.2428491306786316,1.5304205798285018
3709,2006,3860,CC[C@@H](C#CC1CC1)c2ccccc2,22.16,0.3,0.0,10.1038/s41557/019/0346/2,IG,1.2428491306786316,1.5304205798285018
4578,2471,4760,CCOC(OCC)C#C[C@H](CC)c1ccccc1,16.7,0.3,0.01,10.1038/s41557/019/0346/2,IG,1.365868263473054,1.8687203791469191
4579,2471,4761,CCOC(OCC)C#C[C@@H](CC)c1ccccc1,22.81,0.3,0.01,10.1038/s41557/019/0346/2,IG,1.365868263473054,1.8687203791469191
4660,2514,4844,CC[C@@H](C#CCn1c2ccccc2c3ccccc13)C(=O)N(C)c4ccccc4,20.76,0.8,0.1,10.1038/s41557/019/0346/2,IG,1.1290944123314066,1.1564050189670267
4661,2514,4845,CC[C@H](C#CCn1c2ccccc2c3ccccc13)C(=O)N(C)c4ccccc4,23.44,0.8,0.1,10.1038/s41557/019/0346/2,IG,1.1290944123314066,1.1564050189670267
4978,2686,5176,CC[C@H](C#CCn1c2ccccc2c3ccccc13)c4ccccc4,26.12,0.3,0.01,10.1038/s41557/019/0346/2,IG,1.330398162327718,1.5245137763371148
4979,2686,5175,CC[C@@H](C#CCn1c2ccccc2c3ccccc13)c4ccccc4,34.75,0.3,0.01,10.1038/s41557/019/0346/2,IG,1.330398162327718,1.5245137763371148
5546,2988,5762,CC[C@H](C#CCCCC(=O)Nc1ccc(OC)cc1)c2ccccc2,32.97,0.5,0.05,10.1038/s41557/019/0346/2,IG,1.3354564755838645,1.4070666175929336
5547,2988,5761,CC[C@@H](C#CCCCC(=O)Nc1ccc(OC)cc1)c2ccccc2,44.03,0.5,0.05,10.1038/s41557/019/0346/2,IG,1.3354564755838645,1.4070666175929336
6020,3235,6245,O=C1C[C@@]2(N(C(=O)c3ccccc23)c4cccc5cccnc45)C(=O)N1C6CCCCC6,25.8,1.0,0.4,10.1002/anie.202108853,IG,1.7906976744186047,1.890829694323144
6021,3235,6246,O=C1C[C@]2(N(C(=O)c3ccccc23)c4cccc5cccnc45)C(=O)N1C6CCCCC6,46.2,1.0,0.4,10.1002/anie.202108853,IG,1.7906976744186047,1.890829694323144
6024,3237,6249,O=C1C[C@@]2(N(C(=O)c3ccccc23)c4cccc5cccnc45)C(=O)N1Cc6ccccc6,35.4,1.0,0.4,10.1002/anie.202108853,IG,1.310734463276836,1.3384615384615384
6025,3237,6250,O=C1C[C@]2(N(C(=O)c3ccccc23)c4cccc5cccnc45)C(=O)N1Cc6ccccc6,46.4,1.0,0.4,10.1002/anie.202108853,IG,1.310734463276836,1.3384615384615384
6896,3749,7198,CCCCC[C@@H](C=C)n1ccc2cc(Cl)ccc12,10.6,0.4,0.001,10.1002/chem.202004613,IG,1.0566037735849056,1.1791044776119397
6897,3749,7197,CCCCC[C@H](C=C)n1ccc2cc(Cl)ccc12,11.2,0.4,0.001,10.1002/chem.202004613,IG,1.0566037735849056,1.1791044776119397
7080,3866,7406,Cc1cc(C)cc(c1)C(=O)[C@H](COCc2ccccc2)c3ccccc3,9.29,1.0,0.05,10.1002/anie.201903007,IG,1.1614639397201292,1.2347417840375587
7081,3866,7407,Cc1cc(C)cc(c1)C(=O)[C@@H](COCc2ccccc2)c3ccccc3,10.79,1.0,0.05,10.1002/anie.201903007,IG,1.1614639397201292,1.2347417840375587
7136,3899,7468,C\C=C/1C[C@@](CC#CC)(C(=O)O1)c2ccccc2,10.83,1.0,0.02,10.1016/j.tetlet.2020.152106,IG,1.3379501385041552,1.4615384615384617
7137,3899,7467,C\C=C/1C[C@](CC#CC)(C(=O)O1)c2ccccc2,14.49,1.0,0.02,10.1016/j.tetlet.2020.152106,IG,1.3379501385041552,1.4615384615384617
7682,4250,8092,C[C@@H](NCCCc1cccc(c1)C(F)(F)F)c2cccc3ccccc23,11.33,0.5,0.02,10.1021/jacs.1c07726,IG,1.1394527802294792,1.2857142857142858
7683,4250,8091,C[C@H](NCCCc1cccc(c1)C(F)(F)F)c2cccc3ccccc23,12.91,0.5,0.02,10.1021/jacs.1c07726,IG,1.1394527802294792,1.2857142857142858
7730,4284,8150,O=C([C@@](CCC1=C2C=CC=C1)(C3(C=C)CCC3)C2=O)OCC,11.4,0.8,0.01,10.1021/acs.orglett.8b04030,IG,1.0701754385964912,1.102893890675241
7731,4284,8149,O=C([C@](CCC1=C2C=CC=C1)(C3(C=C)CCC3)C2=O)OCC,12.2,0.8,0.01,10.1021/acs.orglett.8b04030,IG,1.0701754385964912,1.102893890675241
7806,4332,8235,CN(Cc1ccccc1)[C@H](\C=C\C(=O)n2nc(C)c(C)c2C)c3ccccc3,7.757,1.0,0.02,10.1021/jacs.1c04367,IG,1.480469253577414,1.7673460984146594
7807,4332,8236,CN(Cc1ccccc1)[C@@H](\C=C\C(=O)n2nc(C)c(C)c2C)c3ccccc3,11.484,1.0,0.02,10.1021/jacs.1c04367,IG,1.480469253577414,1.7673460984146594
7862,4362,8293,CC(C)(C)OC(=O)[C@]1(Cc2cc(Br)ccc2C1=O)C(C)(C)C=C,6.8,1.0,0.01,10.1021/acs.orglett.8b04030,IG,1.6911764705882353,2.2051282051282053
7863,4362,8294,CC(C)(C)OC(=O)[C@@]1(Cc2cc(Br)ccc2C1=O)C(C)(C)C=C,11.5,1.0,0.01,10.1021/acs.orglett.8b04030,IG,1.6911764705882353,2.2051282051282053
8022,4466,8477,CC(C)(C=C)[C@@]1(CCc2ccccc2C1=O)C(=O)OC3C4CC5CC(C4)CC3C5,10.1,1.0,0.01,10.1021/acs.orglett.8b04030,IG,1.1584158415841583,1.222222222222222
8023,4466,8478,CC(C)(C=C)[C@]1(CCc2ccccc2C1=O)C(=O)OC3C4CC5CC(C4)CC3C5,11.7,1.0,0.01,10.1021/acs.orglett.8b04030,IG,1.1584158415841583,1.222222222222222
8032,4472,8489,CCCCC[C@@H](C=C)n1ccc2cc(ccc12)[N+]([O-])=O,11.7,1.0,0.01,10.1002/chem.202004613,IG,1.0854700854700854,1.1136363636363638
8033,4472,8488,CCCCC[C@H](C=C)n1ccc2cc(ccc12)[N+]([O-])=O,12.7,1.0,0.01,10.1002/chem.202004613,IG,1.0854700854700854,1.1136363636363638
8102,4511,8563,C=C1C[C@@](CC#C)(C(=O)O1)c2ccccc2,11.79,1.0,0.02,10.1016/j.tetlet.2020.152106,IG,1.078032230703987,1.1034870641169856
8103,4511,8562,C=C1C[C@](CC#C)(C(=O)O1)c2ccccc2,12.71,1.0,0.02,10.1016/j.tetlet.2020.152106,IG,1.078032230703987,1.1034870641169856
8524,4767,9030,CC(C)(C)OC(=O)[C@@]1(CCc2ccc(Cl)cc2C1=O)C(C)(C)C=C,12.2,0.5,0.005,10.1021/acs.orglett.8b04030,IG,1.0491803278688523,1.0937500000000002
8525,4767,9029,CC(C)(C)OC(=O)[C@]1(CCc2ccc(Cl)cc2C1=O)C(C)(C)C=C,12.8,0.5,0.005,10.1021/acs.orglett.8b04030,IG,1.0491803278688523,1.0937500000000002
8650,4843,9168,CC[C@](CCC(=O)n1nc(C)cc1C)(C#N)c2ccccc2,10.32,1.0,0.1,10.1021/jacs.1c08382,IG,1.194767441860465,1.2708894878706198
8651,4843,9169,CC[C@@](CCC(=O)n1nc(C)cc1C)(C#N)c2ccccc2,12.33,1.0,0.1,10.1021/jacs.1c08382,IG,1.194767441860465,1.2708894878706198
8686,4865,9208,CC(C)(C)OC(=O)[C@]1(Cc2ccccc2C1=O)C(C)(C)C=C,11.0,0.6,0.01,10.1021/acs.orglett.8b04030,IG,1.1272727272727272,1.227027027027027
8687,4865,9209,CC(C)(C)OC(=O)[C@@]1(Cc2ccccc2C1=O)C(C)(C)C=C,12.4,0.6,0.01,10.1021/acs.orglett.8b04030,IG,1.1272727272727272,1.227027027027027
8730,4892,9257,C[C@@H](NCCCc1cccc(c1)C(F)(F)F)c2cccc3ccccc23,10.97,0.5,0.02,10.1021/jacs.1c07726,IG,1.1312670920692798,1.27852998065764
8731,4892,9258,C[C@H](NCCCc1cccc(c1)C(F)(F)F)c2cccc3ccccc23,12.41,0.5,0.02,10.1021/jacs.1c07726,IG,1.1312670920692798,1.27852998065764
8856,4964,9392,CCC[C@H](C=C)N1C(=O)c2ccccc2C1=O,11.496,1.0,0.005,10.1021/acscatal.0c00712,IG,1.090205288796103,1.1206375058166589
8857,4964,9393,CCC[C@@H](C=C)N1C(=O)c2ccccc2C1=O,12.533,1.0,0.005,10.1021/acscatal.0c00712,IG,1.090205288796103,1.1206375058166589
9026,5065,9578,O[C@@]1(CCCCC1=O)c2ccccc2Cl,11.28,1.0,0.1,10.1021/acs.orglett.0c01626,IG,1.1312056737588654,1.1766109785202865
9027,5065,9579,O[C@]1(CCCCC1=O)c2ccccc2Cl,12.76,1.0,0.1,10.1021/acs.orglett.0c01626,IG,1.1312056737588654,1.1766109785202865
9304,5233,9885,CC(C)N(C(C)C)C(=O)[C@@H](C)Cc1ccc(Cl)cc1,12.11,1.0,0.02,10.1002/anie.202004485,IG,1.0751445086705202,1.0988056460369164
9305,5233,9886,CC(C)N(C(C)C)C(=O)[C@H](C)Cc1ccc(Cl)cc1,13.02,1.0,0.02,10.1002/anie.202004485,IG,1.0751445086705202,1.0988056460369164
9320,5244,9905,C=C[C@H](CCc1ccccc1)N2CCc3ccccc3C2,13.09,0.8,0.002,10.1021/jacs.9b06035,IG,1.2452253628724217,1.3391442155309032
9321,5244,9904,C=C[C@@H](CCc1ccccc1)N2CCc3ccccc3C2,16.3,0.8,0.002,10.1021/jacs.9b06035,IG,1.2452253628724217,1.3391442155309032
9452,5316,10043,O[C@]1(CCCCC1=O)c2cccc(Cl)c2,13.21,1.0,0.1,10.1021/acs.orglett.0c01626,IG,1.1604844814534443,1.2056256062075654
9453,5316,10042,O[C@@]1(CCCCC1=O)c2cccc(Cl)c2,15.33,1.0,0.1,10.1021/acs.orglett.0c01626,IG,1.1604844814534443,1.2056256062075654
9688,5459,10303,C[C@@]1(CN(Cc2ccccc2)C(=O)c3ccccc13)C=C,11.3,1.0,0.1,10.1016/j.gresc.2021.10.006,IG,1.2035398230088494,1.2738095238095235
9689,5459,10304,C[C@]1(CN(Cc2ccccc2)C(=O)c3ccccc13)C=C,13.6,1.0,0.1,10.1016/j.gresc.2021.10.006,IG,1.2035398230088494,1.2738095238095235
9754,5502,10379,Cc1cccc(c1)[C@@H](COCc2ccccc2)C(=O)c3cccc(C)c3,12.44,1.0,0.03,10.1002/anie.201903007,IG,1.097266881028939,1.1268343815513628
9755,5502,10380,Cc1cccc(c1)[C@H](COCc2ccccc2)C(=O)c3cccc(C)c3,13.65,1.0,0.03,10.1002/anie.201903007,IG,1.097266881028939,1.1268343815513628
9798,5528,10428,COc1ccc2CC[C@@](C(=O)OC(C)(C)C)(C(=O)c2c1)C(C)(C)C=C,13.7,0.5,0.01,10.1021/acs.orglett.8b04030,IG,1.1532846715328469,1.2658227848101269
9799,5528,10427,COc1ccc2CC[C@](C(=O)OC(C)(C)C)(C(=O)c2c1)C(C)(C)C=C,15.8,0.5,0.01,10.1021/acs.orglett.8b04030,IG,1.1532846715328469,1.2658227848101269
9928,5610,10574,CC(C)N(C(C)C)C(=S)[C@@H](C)Cc1ccc(C=C)cc1,9.73,1.0,0.01,10.1002/anie.202004485,IG,1.4265159301130523,1.6076134699853588
9929,5610,10575,CC(C)N(C(C)C)C(=S)[C@H](C)Cc1ccc(C=C)cc1,13.88,1.0,0.01,10.1002/anie.202004485,IG,1.4265159301130523,1.6076134699853588
10396,5895,11094,CC[C@@H](C#C[Si](C(C)C)(C(C)C)C(C)C)c1ccc(Cl)nc1,14.43,0.3,0.01,10.1021/jacs.0c09125,IG,1.0436590436590436,1.132260321903429
10397,5895,11093,CC[C@H](C#C[Si](C(C)C)(C(C)C)C(C)C)c1ccc(Cl)nc1,15.06,0.3,0.01,10.1021/jacs.0c09125,IG,1.0436590436590436,1.132260321903429
10554,5987,11265,O[C@]1(CCCCC1=O)c2ccc(F)cc2,14.65,1.0,0.1,10.1021/acs.orglett.0c01626,IG,1.084641638225256,1.1055319148936171
10555,5987,11264,O[C@@]1(CCCCC1=O)c2ccc(F)cc2,15.89,1.0,0.1,10.1021/acs.orglett.0c01626,IG,1.084641638225256,1.1055319148936171
10694,6078,11426,Cc1ccc(cc1)[C@@]2(CC#C)CC(=C)OC2=O,14.83,2.0,0.003,10.1016/j.tetlet.2020.152106,IG,1.078894133513149,1.0874439461883407
10695,6078,11425,Cc1ccc(cc1)[C@]2(CC#C)CC(=C)OC2=O,16.0,2.0,0.003,10.1016/j.tetlet.2020.152106,IG,1.078894133513149,1.0874439461883407
11006,6263,11766,Cc1ccccc1COC[C@@H](C(=O)c2ccccc2)c3ccccc3,14.09,1.0,0.03,10.1002/anie.201903007,IG,1.0830376153300212,1.1045576407506703
11007,6263,11767,Cc1ccccc1COC[C@H](C(=O)c2ccccc2)c3ccccc3,15.26,1.0,0.03,10.1002/anie.201903007,IG,1.0830376153300212,1.1045576407506703
11056,6291,11820,Cc1cccc(c1)[C@]2(O)CCCCC2=O,15.3,1.0,0.1,10.1021/acs.orglett.0c01626,IG,1.1725490196078432,1.2129032258064516
11057,6291,11819,Cc1cccc(c1)[C@@]2(O)CCCCC2=O,17.94,1.0,0.1,10.1021/acs.orglett.0c01626,IG,1.1725490196078432,1.2129032258064516
11090,6308,11854,Fc1ccc(cc1)[C@@]2(CC#C)CC(=C)OC2=O,15.32,1.0,0.01,10.1016/j.tetlet.2020.152106,IG,1.058746736292428,1.072463768115942
11091,6308,11853,Fc1ccc(cc1)[C@]2(CC#C)CC(=C)OC2=O,16.22,1.0,0.01,10.1016/j.tetlet.2020.152106,IG,1.058746736292428,1.072463768115942
11234,6399,12016,Fc1ccc(cc1)[C@@H](COCc2ccccc2)C(=O)c3ccc(F)cc3,12.69,1.0,0.03,10.1002/anie.201903007,IG,1.2253743104806936,1.2921348314606742
11235,6399,12017,Fc1ccc(cc1)[C@H](COCc2ccccc2)C(=O)c3ccc(F)cc3,15.55,1.0,0.03,10.1002/anie.201903007,IG,1.2253743104806936,1.2921348314606742
11352,6477,12154,O[C@]1(CCCCC1=O)c2ccc(Cl)cc2,15.78,1.0,0.1,10.1021/acs.orglett.0c01626,IG,1.0747782002534856,1.0916149068322982
11353,6477,12153,O[C@@]1(CCCCC1=O)c2ccc(Cl)cc2,16.96,1.0,0.1,10.1021/acs.orglett.0c01626,IG,1.0747782002534856,1.0916149068322982
11638,6647,12466,CC(C)N(C(C)C)C(=S)[C@@H](C)Cc1cccc(C)c1,13.42,0.7,0.01,10.1002/anie.202004485,IG,1.2019374068554396,1.292115799199261
11639,6647,12467,CC(C)N(C(C)C)C(=S)[C@H](C)Cc1cccc(C)c1,16.13,0.7,0.01,10.1002/anie.202004485,IG,1.2019374068554396,1.292115799199261
11642,6649,12471,COc1ccc(N[C@@H](CCc2ccccc2)C(Cl)=C)cc1,16.147,1.0,0.01,10.1021/jacs.1c04016,IG,1.0956834086827276,1.116630180418208
11643,6649,12470,COc1ccc(N[C@H](CCc2ccccc2)C(Cl)=C)cc1,17.692,1.0,0.01,10.1021/jacs.1c04016,IG,1.0956834086827276,1.116630180418208
11678,6670,12509,C=C[C@H]1COC(=O)[C@]12CCc3ccccc3C2=O,14.7,1.0,0.15,10.1021/acs.orglett.8b04030,IG,1.1020408163265307,1.1271186440677967
11679,6670,12510,C=C[C@@H]1COC(=O)[C@]12CCc3ccccc3C2=O,16.2,1.0,0.15,10.1021/acs.orglett.8b04030,IG,1.1020408163265307,1.1271186440677967
11850,6768,12694,CCCCOC(=O)[C@@H]1O[C@]1(C(=O)OC)C(=Nc2ccccc2)C(=O)c3ccccc3,16.41,1.0,0.2,10.1021/acs.orglett.0c02108,IG,1.0743449116392445,1.0903034789045152
11851,6768,12693,CCCCOC(=O)[C@H]1O[C@]1(C(=O)OC)C(=Nc2ccccc2)C(=O)c3ccccc3,17.63,1.0,0.2,10.1021/acs.orglett.0c02108,IG,1.0743449116392445,1.0903034789045152
11868,6780,12714,CCOC(=O)[C@]1(CCc2ccccc2C1=O)C3(CCCCC3)C=C,11.9,0.8,0.01,10.1021/acs.orglett.8b04030,IG,1.3865546218487397,1.555891238670695
11869,6780,12715,CCOC(=O)[C@@]1(CCc2ccccc2C1=O)C3(CCCCC3)C=C,16.5,0.8,0.01,10.1021/acs.orglett.8b04030,IG,1.3865546218487397,1.555891238670695
11948,6824,12798,Clc1ccc(cc1)[C@@H](COCc2ccccc2)C(=O)c3ccc(Cl)cc3,14.55,1.0,0.03,10.1002/anie.201903007,IG,1.140893470790378,1.1759656652360515
11949,6824,12799,Clc1ccc(cc1)[C@H](COCc2ccccc2)C(=O)c3ccc(Cl)cc3,16.6,1.0,0.03,10.1002/anie.201903007,IG,1.140893470790378,1.1759656652360515
11950,6825,12800,Clc1ccc(cc1)[C@]2(CC#C)CC(=C)OC2=O,15.15,2.0,0.003,10.1016/j.tetlet.2020.152106,IG,1.095709570957096,1.1058394160583942
11951,6825,12801,Clc1ccc(cc1)[C@@]2(CC#C)CC(=C)OC2=O,16.6,2.0,0.003,10.1016/j.tetlet.2020.152106,IG,1.095709570957096,1.1058394160583942
12372,7085,13272,C=C[C@H](CCc1ccccc1)C(Cc2ccccc2)(C#N)C#N,17.25,1.0,0.01,10.1021/acs.orglett.0c00962,IG,1.177391304347826,1.2132404181184668
12373,7085,13271,C=C[C@@H](CCc1ccccc1)C(Cc2ccccc2)(C#N)C#N,20.31,1.0,0.01,10.1021/acs.orglett.0c00962,IG,1.177391304347826,1.2132404181184668
12568,7186,13470,CC(C)N(C(C)C)C(=S)[C@@H](C)Cc1ccc(Cl)cc1,13.18,0.7,0.01,10.1002/anie.202004485,IG,1.328528072837633,1.4791337337970285
12569,7186,13471,CC(C)N(C(C)C)C(=S)[C@H](C)Cc1ccc(Cl)cc1,17.51,0.7,0.01,10.1002/anie.202004485,IG,1.328528072837633,1.4791337337970285
12670,7249,13584,Cc1cccc(COC[C@@H](C(=O)c2ccccc2)c3ccccc3)c1,15.99,1.0,0.03,10.1002/anie.201903007,IG,1.1094434021263289,1.1336898395721924
12671,7249,13585,Cc1cccc(COC[C@H](C(=O)c2ccccc2)c3ccccc3)c1,17.74,1.0,0.03,10.1002/anie.201903007,IG,1.1094434021263289,1.1336898395721924
12766,7311,13694,COc1ccc(CN2C[C@](C)(C=C)c3ccc(F)cc3C2=O)cc1,16.3,1.0,0.2,10.1016/j.gresc.2021.10.006,IG,1.098159509202454,1.1194029850746268
12767,7311,13695,COc1ccc(CN2C[C@@](C)(C=C)c3ccc(F)cc3C2=O)cc1,17.9,1.0,0.2,10.1016/j.gresc.2021.10.006,IG,1.098159509202454,1.1194029850746268
12844,7361,13783,Brc1ccc(cc1)[C@]2(CC#C)CC(=C)OC2=O,16.27,2.0,0.005,10.1016/j.tetlet.2020.152106,IG,1.10940381069453,1.1201079622132255
12845,7361,13784,Brc1ccc(cc1)[C@@]2(CC#C)CC(=C)OC2=O,18.05,2.0,0.005,10.1016/j.tetlet.2020.152106,IG,1.10940381069453,1.1201079622132255
12890,7387,13833,C=Cc1ccc(cc1)[C@@]2(CC#C)CC(=C)OC2=O,18.1,2.0,0.01,10.1016/j.tetlet.2020.152106,IG,1.0712707182320442,1.0774774774774774
12891,7387,13832,C=Cc1ccc(cc1)[C@]2(CC#C)CC(=C)OC2=O,19.39,2.0,0.01,10.1016/j.tetlet.2020.152106,IG,1.0712707182320442,1.0774774774774774
13016,7468,13977,FC(F)(F)c1ccc(cc1)[C@@]2(CC#C)CC(=C)OC2=O,18.37,1.0,0.005,10.1016/j.tetlet.2020.152106,IG,1.050081654872074,1.059469941822883
13017,7468,13976,FC(F)(F)c1ccc(cc1)[C@]2(CC#C)CC(=C)OC2=O,19.29,1.0,0.005,10.1016/j.tetlet.2020.152106,IG,1.050081654872074,1.059469941822883
13076,7502,14041,O[C@]1(CCCCC1=O)c2ccccc2,18.46,1.0,0.1,10.1021/acs.orglett.0c01626,IG,1.0384615384615383,1.045629820051414
13077,7502,14040,O[C@@]1(CCCCC1=O)c2ccccc2,19.17,1.0,0.1,10.1021/acs.orglett.0c01626,IG,1.0384615384615383,1.045629820051414
13144,7550,14122,COc1ccc(CN2C[C@](C)(C=C)c3c(C)cccc3C2=O)cc1,17.4,1.0,0.2,10.1016/j.gresc.2021.10.006,IG,1.0689655172413794,1.0827586206896551
13145,7550,14123,COc1ccc(CN2C[C@@](C)(C=C)c3c(C)cccc3C2=O)cc1,18.6,1.0,0.2,10.1016/j.gresc.2021.10.006,IG,1.0689655172413794,1.0827586206896551
13232,7605,14222,Cc1ccc(cc1)[C@]2(O)CCCCC2=O,18.78,1.0,0.05,10.1021/acs.orglett.0c01626,IG,1.1240681576144833,1.1467254408060454
13233,7605,14221,Cc1ccc(cc1)[C@@]2(O)CCCCC2=O,21.11,1.0,0.05,10.1021/acs.orglett.0c01626,IG,1.1240681576144833,1.1467254408060454
13344,7675,14348,COC(=O)c1ccc(C[C@@H](C)C(=S)N(C(C)C)C(C)C)cc1,18.97,1.0,0.05,10.1002/anie.202004485,IG,1.1628887717448604,1.1922837585563162
13345,7675,14347,COC(=O)c1ccc(C[C@H](C)C(=S)N(C(C)C)C(C)C)cc1,22.06,1.0,0.05,10.1002/anie.202004485,IG,1.1628887717448604,1.1922837585563162
13558,7801,14580,Cc1cccc(c1)C(=O)[C@H](COCc2ccccc2)c3ccccc3,17.29,1.0,0.02,10.1002/anie.201903007,IG,1.116252168883748,1.139680333564976
13559,7801,14581,Cc1cccc(c1)C(=O)[C@@H](COCc2ccccc2)c3ccccc3,19.3,1.0,0.02,10.1002/anie.201903007,IG,1.116252168883748,1.139680333564976
13756,7917,14795,COc1ccc(CN2C[C@](C)(C=C)c3ccc(Cl)cc3C2=O)cc1,17.2,1.0,0.2,10.1016/j.gresc.2021.10.006,IG,1.1453488372093024,1.174825174825175
13757,7917,14796,COc1ccc(CN2C[C@@](C)(C=C)c3ccc(Cl)cc3C2=O)cc1,19.7,1.0,0.2,10.1016/j.gresc.2021.10.006,IG,1.1453488372093024,1.174825174825175
13924,8015,14977,Brc1ccc(cc1)[C@@H](COCc2ccccc2)C(=O)c3ccc(Br)cc3,18.53,1.0,0.03,10.1002/anie.201903007,IG,1.0793308148947651,1.09404990403071
13925,8015,14978,Brc1ccc(cc1)[C@H](COCc2ccccc2)C(=O)c3ccc(Br)cc3,20.0,1.0,0.03,10.1002/anie.201903007,IG,1.0793308148947651,1.09404990403071
14252,8218,15344,COc1ccc(CN2C[C@](C)(C=C)c3ccccc3C2=O)cc1,17.6,1.0,0.2,10.1016/j.gresc.2021.10.006,IG,1.1818181818181817,1.217687074829932
14253,8218,15345,COc1ccc(CN2C[C@@](C)(C=C)c3ccccc3C2=O)cc1,20.8,1.0,0.2,10.1016/j.gresc.2021.10.006,IG,1.1818181818181817,1.217687074829932
14280,8238,15379,COc1ccc(cc1)[C@@]2(CC#C)CC(=C)OC2=O,20.85,1.0,0.02,10.1016/j.tetlet.2020.152106,IG,1.1059952038369305,1.1231197771587742
14281,8238,15378,COc1ccc(cc1)[C@]2(CC#C)CC(=C)OC2=O,23.06,1.0,0.02,10.1016/j.tetlet.2020.152106,IG,1.1059952038369305,1.1231197771587742
14396,8312,15511,COc1ccc(Br)cc1[C@]2(O)CCCCC2=O,21.05,1.0,0.1,10.1021/acs.orglett.0c01626,IG,1.6589073634204277,1.7641873278236917
14397,8312,15510,COc1ccc(Br)cc1[C@@]2(O)CCCCC2=O,34.92,1.0,0.1,10.1021/acs.orglett.0c01626,IG,1.6589073634204277,1.7641873278236917
14484,8364,15607,C=C1C[C@@](CC#C)(C(=O)O1)c2cscc2,21.27,1.0,0.01,10.1016/j.tetlet.2020.152106,IG,1.148566055477198,1.1720195971692975
14485,8364,15606,C=C1C[C@](CC#C)(C(=O)O1)c2cscc2,24.43,1.0,0.01,10.1016/j.tetlet.2020.152106,IG,1.148566055477198,1.1720195971692975
14496,8373,15621,COc1ccc(CN2C[C@](C)(C=C)c3ccc(C)cc3C2=O)cc1,17.4,1.0,0.2,10.1016/j.gresc.2021.10.006,IG,1.2241379310344829,1.2689655172413796
14497,8373,15622,COc1ccc(CN2C[C@@](C)(C=C)c3ccc(C)cc3C2=O)cc1,21.3,1.0,0.2,10.1016/j.gresc.2021.10.006,IG,1.2241379310344829,1.2689655172413796
14786,8550,15944,CCC[C@H](Nc1ccc(cc1)C#N)C=C,21.954,1.0,0.02,10.1021/acscatal.0c00712,IG,1.1079985424068506,1.1244358140023092
14787,8550,15943,CCC[C@@H](Nc1ccc(cc1)C#N)C=C,24.325,1.0,0.02,10.1021/acscatal.0c00712,IG,1.1079985424068506,1.1244358140023092
15138,8772,16341,COc1ccc(CN2C[C@](C)(C=C)c3ccc(Br)cc3C2=O)cc1,19.6,1.0,0.2,10.1016/j.gresc.2021.10.006,IG,1.1683673469387754,1.1976047904191616
15139,8772,16342,COc1ccc(CN2C[C@@](C)(C=C)c3ccc(Br)cc3C2=O)cc1,22.9,1.0,0.2,10.1016/j.gresc.2021.10.006,IG,1.1683673469387754,1.1976047904191616
15260,8856,16486,COc1ccc(CN2C[C@](C)(C=C)c3ccc4OCOc4c3C2=O)cc1,19.3,2.0,0.2,10.1016/j.gresc.2021.10.006,IG,1.2072538860103628,1.2240896358543418
15261,8856,16487,COc1ccc(CN2C[C@@](C)(C=C)c3ccc4OCOc4c3C2=O)cc1,23.3,2.0,0.2,10.1016/j.gresc.2021.10.006,IG,1.2072538860103628,1.2240896358543418
15298,8879,16528,CN(C)C(=O)[C@@](CC#C)(CC(C)=O)c1ccccc1,21.69,2.0,0.05,10.1016/j.tetlet.2020.152106,IG,1.0774550484094052,1.08300395256917
15299,8879,16529,CN(C)C(=O)[C@](CC#C)(CC(C)=O)c1ccccc1,23.37,2.0,0.05,10.1016/j.tetlet.2020.152106,IG,1.0774550484094052,1.08300395256917
15546,9028,16802,O[C@]1(CCCCC1=O)c2ccc3ccccc3c2,24.02,1.0,0.1,10.1021/acs.orglett.0c01626,IG,1.714404662781016,1.8125
15547,9028,16801,O[C@@]1(CCCCC1=O)c2ccc3ccccc3c2,41.18,1.0,0.1,10.1021/acs.orglett.0c01626,IG,1.714404662781016,1.8125
15560,9040,16821,C=C1C[C@@](CC#Cc2ccccc2)(C(=O)O1)c3ccccc3,24.11,2.0,0.01,10.1016/j.tetlet.2020.152106,IG,1.3961012028204065,1.4214474845542804
15561,9040,16820,C=C1C[C@](CC#Cc2ccccc2)(C(=O)O1)c3ccccc3,33.66,2.0,0.01,10.1016/j.tetlet.2020.152106,IG,1.3961012028204065,1.4214474845542804
15566,9043,16826,CC(C)N(C(C)C)C(=S)[C@@H](C)Cc1ccc(F)cc1,22.88,0.4,0.01,10.1002/anie.202004485,IG,1.0550699300699302,1.080614203454895
15567,9043,16827,CC(C)N(C(C)C)C(=S)[C@H](C)Cc1ccc(F)cc1,24.14,0.4,0.01,10.1002/anie.202004485,IG,1.0550699300699302,1.080614203454895
16092,9396,17442,COc1ccc(CN2C[C@](C)(C=C)c3cc4ccccc4cc3C2=O)cc1,14.0,2.0,0.3,10.1016/j.gresc.2021.10.006,IG,1.8571428571428568,1.956175298804781
16093,9396,17443,COc1ccc(CN2C[C@@](C)(C=C)c3cc4ccccc4cc3C2=O)cc1,26.0,2.0,0.3,10.1016/j.gresc.2021.10.006,IG,1.8571428571428568,1.956175298804781
16116,9410,17468,COc1ccc(CN2C[C@](C)(C=C)c3cc4OCOc4cc3C2=O)cc1,19.0,2.0,0.2,10.1016/j.gresc.2021.10.006,IG,1.3736842105263158,1.4045584045584043
16117,9410,17469,COc1ccc(CN2C[C@@](C)(C=C)c3cc4OCOc4cc3C2=O)cc1,26.1,2.0,0.2,10.1016/j.gresc.2021.10.006,IG,1.3736842105263158,1.4045584045584043
16908,9915,18369,COc1ccc(CN2C[C@](C)(C=C)c3ccc(OC)cc3C2=O)cc1,23.2,1.0,0.2,10.1016/j.gresc.2021.10.006,IG,1.271551724137931,1.3103448275862069
16909,9915,18370,COc1ccc(CN2C[C@@](C)(C=C)c3ccc(OC)cc3C2=O)cc1,29.5,1.0,0.2,10.1016/j.gresc.2021.10.006,IG,1.271551724137931,1.3103448275862069
17140,10065,18636,CC(C)N(C(C)C)C(=S)[C@H](C)Cc1ccc(cc1)C#N,30.34,0.7,0.03,10.1002/anie.202004485,IG,1.0899802241265657,1.10420983749591
17141,10065,18635,CC(C)N(C(C)C)C(=S)[C@@H](C)Cc1ccc(cc1)C#N,33.07,0.7,0.03,10.1002/anie.202004485,IG,1.0899802241265657,1.10420983749591
17294,10167,18814,CC(C)(C)c1ccc(cc1)[C@H](C2CO2)[P](=O)(c3ccccc3)c4ccccc4,28.791,1.0,0.2,10.1021/jacs.2c00239,IG,1.0775936924733422,1.0862848093932254
17295,10167,18815,CC(C)(C)c1ccc(cc1)[C@@H](C2CO2)[P](=O)(c3ccccc3)c4ccccc4,31.025,1.0,0.2,10.1021/jacs.2c00239,IG,1.0775936924733422,1.0862848093932254
17890,10581,19526,Cc1ccc(cc1)[C@@H](COCc2ccccc2)C(=O)c3ccccc3,32.99,1.0,0.02,10.1002/anie.201903007,IG,1.070021218551076,1.0767696909272182
17891,10581,19527,Cc1ccc(cc1)[C@H](COCc2ccccc2)C(=O)c3ccccc3,35.3,1.0,0.02,10.1002/anie.201903007,IG,1.070021218551076,1.0767696909272182
18514,10962,20220,CC(C)(C)OC(=O)[C@@]1(CCc2cc(Cl)ccc2C1=O)C(C)(C)C=C,4.8,1.0,0.02,10.1021/acs.orglett.8b04030,IG,1.4583333333333337,2.1578947368421053
18515,10962,20219,CC(C)(C)OC(=O)[C@]1(CCc2cc(Cl)ccc2C1=O)C(C)(C)C=C,7.0,1.0,0.02,10.1021/acs.orglett.8b04030,IG,1.4583333333333337,2.1578947368421053
18624,11028,20340,C=C1C[C@](CC#C)(C(=O)O1)c2ccc(cc2)C#Cc3ccccc3,35.22,2.0,0.01,10.1016/j.tetlet.2020.152106,IG,1.1626916524701876,1.1696772283091503
18625,11028,20341,C=C1C[C@@](CC#C)(C(=O)O1)c2ccc(cc2)C#Cc3ccccc3,40.95,2.0,0.01,10.1016/j.tetlet.2020.152106,IG,1.1626916524701876,1.1696772283091503
18654,11046,20374,O[C@]1(CCCCC1=O)c2ccc3OCOc3c2,41.27,1.0,0.1,10.1021/acs.orglett.0c01626,IG,1.249091349648655,1.2679176439927025
18655,11046,20373,O[C@@]1(CCCCC1=O)c2ccc3OCOc3c2,51.55,1.0,0.1,10.1021/acs.orglett.0c01626,IG,1.249091349648655,1.2679176439927025
18814,11154,20562,CC[C@H](C#Cc1cscc1)C(=O)N(C)c2ccccc2,43.68,0.9,0.03,10.1002/anie.202006317,IG,1.1062271062271063,1.114687465670658
18815,11154,20561,CC[C@@H](C#Cc1cscc1)C(=O)N(C)c2ccccc2,48.32,0.9,0.03,10.1002/anie.202006317,IG,1.1062271062271063,1.114687465670658
18936,11237,20705,CC[C@@H](C#Cc1cccc(OC)c1)C(=O)N(C)c2ccccc2,39.44,0.9,0.05,10.1002/anie.202006317,IG,1.1668356997971605,1.1816787335869432
18937,11237,20706,CC[C@H](C#Cc1cccc(OC)c1)C(=O)N(C)c2ccccc2,46.02,0.9,0.05,10.1002/anie.202006317,IG,1.1668356997971605,1.1816787335869432
19112,11353,20910,COC(=O)[C@](CC#C)(CC(C)=O)c1ccccc1,5.08,2.0,0.05,10.1016/j.tetlet.2020.152106,IG,1.3031496062992125,1.4242424242424243
19113,11353,20909,COC(=O)[C@@](CC#C)(CC(C)=O)c1ccccc1,6.62,2.0,0.05,10.1016/j.tetlet.2020.152106,IG,1.3031496062992125,1.4242424242424243
19204,11414,21016,FC(F)(F)CN[C@H](CCc1ccccc1)C=C,4.76,1.0,0.001,10.1021/jacs.9b06035,IG,1.1134453781512603,1.2903225806451613
19205,11414,21017,FC(F)(F)CN[C@@H](CCc1ccccc1)C=C,5.3,1.0,0.001,10.1021/jacs.9b06035,IG,1.1134453781512603,1.2903225806451613
19358,11520,21200,COc1cccc2C(=O)[C@@](CCc12)(C(=O)OC(C)(C)C)C(C)(C)C=C,5.7,1.0,0.02,10.1021/acs.orglett.8b04030,IG,1.2105263157894737,1.4285714285714284
19359,11520,21199,COc1cccc2C(=O)[C@](CCc12)(C(=O)OC(C)(C)C)C(C)(C)C=C,6.9,1.0,0.02,10.1021/acs.orglett.8b04030,IG,1.2105263157894737,1.4285714285714284
19886,11896,21840,CC(C)(C)OC(=O)[C@@]1(CCc2ccc(Br)cc2C1=O)C(C)(C)C=C,6.1,0.8,0.0,10.1021/acs.orglett.8b04030,IG,1.0491803278688523,1.1212121212121218
19887,11896,21839,CC(C)(C)OC(=O)[C@]1(CCc2ccc(Br)cc2C1=O)C(C)(C)C=C,6.4,0.8,0.0,10.1021/acs.orglett.8b04030,IG,1.0491803278688523,1.1212121212121218
19940,11928,21899,OC(=O)C=C[C@H](N(Cc1ccccc1)Cc2ccccc2)c3ccccc3,6.176,1.0,0.3,10.1021/jacs.1c04367,IG,1.1015220207253886,1.1913919413919414
19941,11928,21898,OC(=O)C=C[C@@H](N(Cc1ccccc1)Cc2ccccc2)c3ccccc3,6.803,1.0,0.3,10.1021/jacs.1c04367,IG,1.1015220207253886,1.1913919413919414
20142,12053,22125,CC(C)N(C(C)C)C(=S)[C@H](C)Cc1ccc(Br)cc1,6.48,1.0,0.05,10.1002/anie.202004485,IG,1.0632716049382716,1.1145251396648042
20143,12053,22124,CC(C)N(C(C)C)C(=S)[C@@H](C)Cc1ccc(Br)cc1,6.89,1.0,0.05,10.1002/anie.202004485,IG,1.0632716049382716,1.1145251396648042
20244,12119,22241,CC(C)N(C(C)C)C(=S)[C@@H](C)Cc1ccccc1C,6.29,1.0,0.03,10.1002/anie.202004485,IG,1.0508744038155804,1.0943952802359882
20245,12119,22242,CC(C)N(C(C)C)C(=S)[C@H](C)Cc1ccccc1C,6.61,1.0,0.03,10.1002/anie.202004485,IG,1.0508744038155804,1.0943952802359882
20318,12166,22325,CC(C)N(C(C)C)C(=S)[C@@H](C)Cc1ccc(C)cc1,6.46,1.0,0.05,10.1002/anie.202004485,IG,1.041795665634675,1.0758426966292136
20319,12166,22326,CC(C)N(C(C)C)C(=S)[C@H](C)Cc1ccc(C)cc1,6.73,1.0,0.05,10.1002/anie.202004485,IG,1.041795665634675,1.0758426966292136
20630,12384,22699,C[C@@]1(CNC(=O)c2ccccc12)CC#C,6.0,2.0,0.2,10.1002/anie.201913367,IG,1.1666666666666667,1.21978021978022
20631,12384,22700,C[C@]1(CNC(=O)c2ccccc12)CC#C,7.0,2.0,0.2,10.1002/anie.201913367,IG,1.1666666666666667,1.21978021978022
21440,12890,23610,OCCCCc1cnc2c(CC[C@]2(Cc3ccccc3)C#N)c1,59.284,1.0,0.1,10.1002/anie.202105452,IG,1.183084812090952,1.1925014188422247
21441,12890,23611,OCCCCc1cnc2c(CC[C@@]2(Cc3ccccc3)C#N)c1,70.138,1.0,0.1,10.1002/anie.202105452,IG,1.183084812090952,1.1925014188422247
21622,13022,23833,CCCCC[C@H](C=C)n1c2CCCCc2c3ccccc13,7.4,0.5,0.001,10.1002/chem.202004613,IG,1.0945945945945943,1.4374999999999991
21623,13022,23834,CCCCC[C@@H](C=C)n1c2CCCCc2c3ccccc13,8.1,0.5,0.001,10.1002/chem.202004613,IG,1.0945945945945943,1.4374999999999991
21730,13086,23952,C[C@@]1(CC(=NN1[S](=O)(=O)c2cc(cc(c2)C(F)(F)F)C(F)(F)F)c3ccccc3)c4ccccc4,8.23,1.0,0.05,10.1038/s41929/020/0460/y,IG,1.3511543134872417,1.542213883677298
21731,13086,23951,C[C@]1(CC(=NN1[S](=O)(=O)c2cc(cc(c2)C(F)(F)F)C(F)(F)F)c3ccccc3)c4ccccc4,11.12,1.0,0.05,10.1038/s41929/020/0460/y,IG,1.3511543134872417,1.542213883677298
21786,13127,24020,CC(C)(C=C)[C@@]1(CCc2ccccc2C1=O)C(=O)OCC=C,7.6,1.0,0.01,10.1021/acs.orglett.8b04030,IG,1.092105263157895,1.1489361702127665
21787,13127,24021,CC(C)(C=C)[C@]1(CCc2ccccc2C1=O)C(=O)OCC=C,8.3,1.0,0.01,10.1021/acs.orglett.8b04030,IG,1.092105263157895,1.1489361702127665
21858,13167,24096,CC(C)(C)NC(=O)[C@]1(Cc2ccccc2C1=O)C(=C)c3ccc(Cl)cc3,7.03,1.0,0.1,10.1038/s41467/021/23105/z,IG,1.1934566145092462,1.3292978208232444
21859,13167,24097,CC(C)(C)NC(=O)[C@@]1(Cc2ccccc2C1=O)C(=C)c3ccc(Cl)cc3,8.39,1.0,0.1,10.1038/s41467/021/23105/z,IG,1.1934566145092462,1.3292978208232444
21874,13178,24116,CC(C)(C)OC(=O)[C@@]1(CCc2cc(ccc2C1=O)c3ccccc3)C(C)(C)C=C,8.4,1.0,0.02,10.1021/acs.orglett.8b04030,IG,1.7499999999999998,2.145454545454545
21875,13178,24115,CC(C)(C)OC(=O)[C@]1(CCc2cc(ccc2C1=O)c3ccccc3)C(C)(C)C=C,14.7,1.0,0.02,10.1021/acs.orglett.8b04030,IG,1.7499999999999998,2.145454545454545
21894,13194,24142,CC(C)(C)OC(=O)[C@@]1(CCc2cc(ccc2C1=O)C#Cc3ccccc3)C(C)(C)C=C,8.4,1.0,0.02,10.1021/acs.orglett.8b04030,IG,1.1071428571428572,1.1636363636363638
21895,13194,24141,CC(C)(C)OC(=O)[C@]1(CCc2cc(ccc2C1=O)C#Cc3ccccc3)C(C)(C)C=C,9.3,1.0,0.02,10.1021/acs.orglett.8b04030,IG,1.1071428571428572,1.1636363636363638
22040,13280,24301,CC(C)(C)OC(=O)[C@@]1(CCc2ccccc2C1=O)C(C)(C)C=C,8.6,0.6,0.01,10.1021/acs.orglett.8b04030,IG,1.2093023255813955,1.4778761061946908
22041,13280,24300,CC(C)(C)OC(=O)[C@]1(CCc2ccccc2C1=O)C(C)(C)C=C,10.4,0.6,0.01,10.1021/acs.orglett.8b04030,IG,1.2093023255813955,1.4778761061946908
22434,13530,24747,CCC[C@H](C=C)C([S](=O)(=O)c1ccccc1)[S](=O)(=O)c2ccccc2,85.927,0.5,0.03,10.1021/acscatal.0c00712,IG,1.0458528751149232,1.0491719395459709
22435,13530,24748,CCC[C@@H](C=C)C([S](=O)(=O)c1ccccc1)[S](=O)(=O)c2ccccc2,89.867,0.5,0.03,10.1021/acscatal.0c00712,IG,1.0458528751149232,1.0491719395459709
22444,13535,24758,CC(C)(C)c1ccc(cc1)[C@@]2(CC#C)CC(=C)OC2=O,9.0,2.0,0.003,10.1016/j.tetlet.2020.152106,IG,1.1944444444444444,1.2317880794701987
22445,13535,24757,CC(C)(C)c1ccc(cc1)[C@]2(CC#C)CC(=C)OC2=O,10.75,2.0,0.003,10.1016/j.tetlet.2020.152106,IG,1.1944444444444444,1.2317880794701987
22520,13583,24844,CCCCC[C@@H](C=C)n1ccc2cc(I)ccc12,9.1,0.5,0.001,10.1002/chem.202004613,IG,1.098901098901099,1.272727272727273
22521,13583,24843,CCCCC[C@H](C=C)n1ccc2cc(I)ccc12,10.0,0.5,0.001,10.1002/chem.202004613,IG,1.098901098901099,1.272727272727273
22548,13601,24876,COc1ccc2c(CC[C@@](C(=O)OC(C)(C)C)(C2=O)C(C)(C)C=C)c1,9.1,1.0,0.02,10.1021/acs.orglett.8b04030,IG,1.89010989010989,2.306451612903226
22549,13601,24875,COc1ccc2c(CC[C@](C(=O)OC(C)(C)C)(C2=O)C(C)(C)C=C)c1,17.2,1.0,0.02,10.1021/acs.orglett.8b04030,IG,1.89010989010989,2.306451612903226
22878,13799,25238,O[C@@]1(CCCCC1=O)c2ccc(cc2)C(F)(F)F,8.61,1.0,0.1,10.1021/acs.orglett.0c01626,IG,1.0987224157955866,1.1488616462346763
22879,13799,25239,O[C@]1(CCCCC1=O)c2ccc(cc2)C(F)(F)F,9.46,1.0,0.1,10.1021/acs.orglett.0c01626,IG,1.0987224157955866,1.1488616462346763
22896,13811,25259,CC(C)N(C(C)C)C(=S)[C@@H](Cc1ccccc1)Cc2ccc(Cl)cc2,8.68,1.0,0.01,10.1002/anie.202004485,IG,1.0933179723502304,1.1401384083044983
22897,13811,25260,CC(C)N(C(C)C)C(=S)[C@H](Cc1ccccc1)Cc2ccc(Cl)cc2,9.49,1.0,0.01,10.1002/anie.202004485,IG,1.0933179723502304,1.1401384083044983
22962,13853,25335,Cc1ccc(COC[C@H](C(=O)c2ccccc2)c3ccccc3)cc1,9.55,1.0,0.03,10.1002/anie.201903007,IG,1.100523560209424,1.144360902255639
22963,13853,25334,Cc1ccc(COC[C@@H](C(=O)c2ccccc2)c3ccccc3)cc1,10.51,1.0,0.03,10.1002/anie.201903007,IG,1.100523560209424,1.144360902255639
23326,14072,25736,CCCCC[C@@H](C=C)n1c2ccccc2cc1c3ccccc3,9.9,0.5,0.001,10.1002/chem.202004613,IG,1.1414141414141414,1.3414634146341464
23327,14072,25735,CCCCC[C@H](C=C)n1c2ccccc2cc1c3ccccc3,11.3,0.5,0.001,10.1002/chem.202004613,IG,1.1414141414141414,1.3414634146341464
23408,14123,25827,CCC[C@H](C=C)C([S](=O)(=O)c1ccccc1)[S](=O)(=O)c2ccccc2,86.38,0.5,0.03,10.1021/acs.orglett.0c00962,IG,1.0461912479740685,1.0495160089352198
23409,14123,25828,CCC[C@@H](C=C)C([S](=O)(=O)c1ccccc1)[S](=O)(=O)c2ccccc2,90.37,0.5,0.03,10.1021/acs.orglett.0c00962,IG,1.0461912479740685,1.0495160089352198
23414,14127,25834,N#CCCCc1cnc2c(CC[C@]2(Cc3ccccc3)C#N)c1,81.415,1.0,0.1,10.1002/anie.202105452,IG,1.1227046613031997,1.1272368337260394
23415,14127,25835,N#CCCCc1cnc2c(CC[C@@]2(Cc3ccccc3)C#N)c1,91.405,1.0,0.1,10.1002/anie.202105452,IG,1.1227046613031997,1.1272368337260394
