Unnamed: 0,index,SMILES,RT,Speed,i-PrOH_proportion,Literature,Column
139,71,CCOC(OCC)C#C[C@@H](C)c1ccc(C)cc1,5.71,1.0,0.02,10.1038/s41557/019/0346/2,IG
140,71,CCOC(OCC)C#C[C@H](C)c1ccc(C)cc1,4.74,1.0,0.02,10.1038/s41557/019/0346/2,IG
311,159,CCOC(OCC)C#C[C@H](C)c1ccc(C)cc1,4.82,1.0,0.02,10.1038/s41557/019/0346/2,IG
312,159,CCOC(OCC)C#C[C@@H](C)c1ccc(C)cc1,5.86,1.0,0.02,10.1038/s41557/019/0346/2,IG
741,384,CCCCCC[C@@H](C)c1cc(c(C)n1c2ccc(cn2)c3cc(cc(c3)C(F)(F)F)C(F)(F)F)C(=O)OCC,8.27,0.6,0.1,10.1021/jacs.1c08562,IG
742,384,CCCCCC[C@H](C)c1cc(c(C)n1c2ccc(cn2)c3cc(cc(c3)C(F)(F)F)C(F)(F)F)C(=O)OCC,7.55,0.6,0.1,10.1021/jacs.1c08562,IG
1024,534,CC[C@@H](C#Cc1ccc(C=C)cc1)c2ccccc2,7.88,0.5,0.01,10.1038/s41557/019/0346/2,IG
1025,534,CC[C@H](C#Cc1ccc(C=C)cc1)c2ccccc2,8.5,0.5,0.01,10.1038/s41557/019/0346/2,IG
2204,1151,C#C[C@H](CCCC#N)c1ccccc1,12.52,0.5,0.15,10.1038/s41557/019/0346/2,IG
2205,1151,C#C[C@@H](CCCC#N)c1ccccc1,11.88,0.5,0.15,10.1038/s41557/019/0346/2,IG
2774,1445,CCOC(OCC)C#C[C@@H](C)c1ccc(C)c(OC)c1,15.32,0.4,0.01,10.1038/s41557/019/0346/2,IG
2775,1445,CCOC(OCC)C#C[C@H](C)c1ccc(C)c(OC)c1,13.79,0.4,0.01,10.1038/s41557/019/0346/2,IG
3134,1633,CCOC(OCC)C#C[C@H](C)c1ccc(C)c(OC)c1,13.59,0.4,0.01,10.1038/s41557/019/0346/2,IG
3135,1633,CCOC(OCC)C#C[C@@H](C)c1ccc(C)c(OC)c1,14.94,0.4,0.01,10.1038/s41557/019/0346/2,IG
3350,1745,CC[C@@H](C#Cc1ccc(cc1)C(F)(F)F)c2ccccc2,17.38,0.3,0.0,10.1038/s41557/019/0346/2,IG
3351,1745,CC[C@H](C#Cc1ccc(cc1)C(F)(F)F)c2ccccc2,15.7,0.3,0.0,10.1038/s41557/019/0346/2,IG
3860,2006,CC[C@@H](C#CC1CC1)c2ccccc2,22.16,0.3,0.0,10.1038/s41557/019/0346/2,IG
3861,2006,CC[C@H](C#CC1CC1)c2ccccc2,17.83,0.3,0.0,10.1038/s41557/019/0346/2,IG
4760,2471,CCOC(OCC)C#C[C@H](CC)c1ccccc1,16.7,0.3,0.01,10.1038/s41557/019/0346/2,IG
4761,2471,CCOC(OCC)C#C[C@@H](CC)c1ccccc1,22.81,0.3,0.01,10.1038/s41557/019/0346/2,IG
4844,2514,CC[C@@H](C#CCn1c2ccccc2c3ccccc13)C(=O)N(C)c4ccccc4,20.76,0.8,0.1,10.1038/s41557/019/0346/2,IG
4845,2514,CC[C@H](C#CCn1c2ccccc2c3ccccc13)C(=O)N(C)c4ccccc4,23.44,0.8,0.1,10.1038/s41557/019/0346/2,IG
5175,2686,CC[C@@H](C#CCn1c2ccccc2c3ccccc13)c4ccccc4,34.75,0.3,0.01,10.1038/s41557/019/0346/2,IG
5176,2686,CC[C@H](C#CCn1c2ccccc2c3ccccc13)c4ccccc4,26.12,0.3,0.01,10.1038/s41557/019/0346/2,IG
5761,2988,CC[C@@H](C#CCCCC(=O)Nc1ccc(OC)cc1)c2ccccc2,44.03,0.5,0.05,10.1038/s41557/019/0346/2,IG
5762,2988,CC[C@H](C#CCCCC(=O)Nc1ccc(OC)cc1)c2ccccc2,32.97,0.5,0.05,10.1038/s41557/019/0346/2,IG
6245,3235,O=C1C[C@@]2(N(C(=O)c3ccccc23)c4cccc5cccnc45)C(=O)N1C6CCCCC6,25.8,1.0,0.4,10.1002/anie.202108853,IG
6246,3235,O=C1C[C@]2(N(C(=O)c3ccccc23)c4cccc5cccnc45)C(=O)N1C6CCCCC6,46.2,1.0,0.4,10.1002/anie.202108853,IG
6249,3237,O=C1C[C@@]2(N(C(=O)c3ccccc23)c4cccc5cccnc45)C(=O)N1Cc6ccccc6,35.4,1.0,0.4,10.1002/anie.202108853,IG
6250,3237,O=C1C[C@]2(N(C(=O)c3ccccc23)c4cccc5cccnc45)C(=O)N1Cc6ccccc6,46.4,1.0,0.4,10.1002/anie.202108853,IG
6996,3634,CCN(CC)[C@H]([C@@H](C=C)c1ccccc1)C(=O)OC,10.935,0.5,0.05,10.1039/C9SC06342K,IG
7092,3687,CN1C(=O)[C@]2(O[C@]1(C)[C@]3([C@@H]2C(=O)OC(C)(C)C)C(=O)N(C(=O)OC(C)(C)C)c4cc(Br)ccc34)C(C)=O,8.76,1.0,0.2,10.1039/D1CC03685H,IG
7093,3688,COc1ccc2c(c1)N(C(=O)OC(C)(C)C)C(=O)[C@]23[C@H](C(=O)OC(C)(C)C)[C@@]4(O[C@@]3(C)N(C)C4=O)C(C)=O,8.76,1.0,0.2,10.1039/D1CC03685H,IG
7197,3749,CCCCC[C@H](C=C)n1ccc2cc(Cl)ccc12,11.2,0.4,0.001,10.1002/chem.202004613,IG
7198,3749,CCCCC[C@@H](C=C)n1ccc2cc(Cl)ccc12,10.6,0.4,0.001,10.1002/chem.202004613,IG
7301,3807,CN1C(=O)[C@]2(O[C@]1(c3ccccc3Cl)[C@]4([C@@H]2C(=O)OC(C)(C)C)C(=O)N(C(=O)OC(C)(C)C)c5ccccc45)C(C)=O,6.8,1.0,0.2,10.1039/D1CC03685H,IG
7406,3866,Cc1cc(C)cc(c1)C(=O)[C@H](COCc2ccccc2)c3ccccc3,9.29,1.0,0.05,10.1002/anie.201903007,IG
7407,3866,Cc1cc(C)cc(c1)C(=O)[C@@H](COCc2ccccc2)c3ccccc3,10.79,1.0,0.05,10.1002/anie.201903007,IG
7467,3899,C\C=C/1C[C@](CC#CC)(C(=O)O1)c2ccccc2,14.49,1.0,0.02,10.1016/j.tetlet.2020.152106,IG
7468,3899,C\C=C/1C[C@@](CC#CC)(C(=O)O1)c2ccccc2,10.83,1.0,0.02,10.1016/j.tetlet.2020.152106,IG
8091,4250,C[C@H](NCCCc1cccc(c1)C(F)(F)F)c2cccc3ccccc23,12.91,0.5,0.02,10.1021/jacs.1c07726,IG
8092,4250,C[C@@H](NCCCc1cccc(c1)C(F)(F)F)c2cccc3ccccc23,11.33,0.5,0.02,10.1021/jacs.1c07726,IG
8149,4284,O=C([C@](CCC1=C2C=CC=C1)(C3(C=C)CCC3)C2=O)OCC,12.2,0.8,0.01,10.1021/acs.orglett.8b04030,IG
8150,4284,O=C([C@@](CCC1=C2C=CC=C1)(C3(C=C)CCC3)C2=O)OCC,11.4,0.8,0.01,10.1021/acs.orglett.8b04030,IG
8235,4332,CN(Cc1ccccc1)[C@H](\C=C\C(=O)n2nc(C)c(C)c2C)c3ccccc3,7.757,1.0,0.02,10.1021/jacs.1c04367,IG
8236,4332,CN(Cc1ccccc1)[C@@H](\C=C\C(=O)n2nc(C)c(C)c2C)c3ccccc3,11.484,1.0,0.02,10.1021/jacs.1c04367,IG
8293,4362,CC(C)(C)OC(=O)[C@]1(Cc2cc(Br)ccc2C1=O)C(C)(C)C=C,6.8,1.0,0.01,10.1021/acs.orglett.8b04030,IG
8294,4362,CC(C)(C)OC(=O)[C@@]1(Cc2cc(Br)ccc2C1=O)C(C)(C)C=C,11.5,1.0,0.01,10.1021/acs.orglett.8b04030,IG
8477,4466,CC(C)(C=C)[C@@]1(CCc2ccccc2C1=O)C(=O)OC3C4CC5CC(C4)CC3C5,10.1,1.0,0.01,10.1021/acs.orglett.8b04030,IG
8478,4466,CC(C)(C=C)[C@]1(CCc2ccccc2C1=O)C(=O)OC3C4CC5CC(C4)CC3C5,11.7,1.0,0.01,10.1021/acs.orglett.8b04030,IG
8488,4472,CCCCC[C@H](C=C)n1ccc2cc(ccc12)[N+]([O-])=O,12.7,1.0,0.01,10.1002/chem.202004613,IG
8489,4472,CCCCC[C@@H](C=C)n1ccc2cc(ccc12)[N+]([O-])=O,11.7,1.0,0.01,10.1002/chem.202004613,IG
8562,4511,C=C1C[C@](CC#C)(C(=O)O1)c2ccccc2,12.71,1.0,0.02,10.1016/j.tetlet.2020.152106,IG
8563,4511,C=C1C[C@@](CC#C)(C(=O)O1)c2ccccc2,11.79,1.0,0.02,10.1016/j.tetlet.2020.152106,IG
8678,4573,CN1C(=O)[C@]2(O[C@]1(C)[C@]3([C@@H]2C(=O)OC(C)(C)C)C(=O)N(C(=O)OC(C)(C)C)c4ccc(C)cc34)C(C)=O,9.21,1.0,0.2,10.1039/D1CC03685H,IG
9029,4767,CC(C)(C)OC(=O)[C@]1(CCc2ccc(Cl)cc2C1=O)C(C)(C)C=C,12.8,0.5,0.005,10.1021/acs.orglett.8b04030,IG
9030,4767,CC(C)(C)OC(=O)[C@@]1(CCc2ccc(Cl)cc2C1=O)C(C)(C)C=C,12.2,0.5,0.005,10.1021/acs.orglett.8b04030,IG
9080,4793,O[C@@H]1CCCC[C@]1(O)c2ccccc2,14.64,1.0,0.1,10.1021/acs.orglett.0c01626,IG
9168,4843,CC[C@](CCC(=O)n1nc(C)cc1C)(C#N)c2ccccc2,10.32,1.0,0.1,10.1021/jacs.1c08382,IG
9169,4843,CC[C@@](CCC(=O)n1nc(C)cc1C)(C#N)c2ccccc2,12.33,1.0,0.1,10.1021/jacs.1c08382,IG
9208,4865,CC(C)(C)OC(=O)[C@]1(Cc2ccccc2C1=O)C(C)(C)C=C,11.0,0.6,0.01,10.1021/acs.orglett.8b04030,IG
9209,4865,CC(C)(C)OC(=O)[C@@]1(Cc2ccccc2C1=O)C(C)(C)C=C,12.4,0.6,0.01,10.1021/acs.orglett.8b04030,IG
9257,4892,C[C@@H](NCCCc1cccc(c1)C(F)(F)F)c2cccc3ccccc23,10.97,0.5,0.02,10.1021/jacs.1c07726,IG
9258,4892,C[C@H](NCCCc1cccc(c1)C(F)(F)F)c2cccc3ccccc23,12.41,0.5,0.02,10.1021/jacs.1c07726,IG
9392,4964,CCC[C@H](C=C)N1C(=O)c2ccccc2C1=O,11.496,1.0,0.005,10.1021/acscatal.0c00712,IG
9393,4964,CCC[C@@H](C=C)N1C(=O)c2ccccc2C1=O,12.533,1.0,0.005,10.1021/acscatal.0c00712,IG
9578,5065,O[C@@]1(CCCCC1=O)c2ccccc2Cl,11.28,1.0,0.1,10.1021/acs.orglett.0c01626,IG
9579,5065,O[C@]1(CCCCC1=O)c2ccccc2Cl,12.76,1.0,0.1,10.1021/acs.orglett.0c01626,IG
9885,5233,CC(C)N(C(C)C)C(=O)[C@@H](C)Cc1ccc(Cl)cc1,12.11,1.0,0.02,10.1002/anie.202004485,IG
9886,5233,CC(C)N(C(C)C)C(=O)[C@H](C)Cc1ccc(Cl)cc1,13.02,1.0,0.02,10.1002/anie.202004485,IG
9904,5244,C=C[C@@H](CCc1ccccc1)N2CCc3ccccc3C2,16.3,0.8,0.002,10.1021/jacs.9b06035,IG
9905,5244,C=C[C@H](CCc1ccccc1)N2CCc3ccccc3C2,13.09,0.8,0.002,10.1021/jacs.9b06035,IG
10042,5316,O[C@@]1(CCCCC1=O)c2cccc(Cl)c2,15.33,1.0,0.1,10.1021/acs.orglett.0c01626,IG
10043,5316,O[C@]1(CCCCC1=O)c2cccc(Cl)c2,13.21,1.0,0.1,10.1021/acs.orglett.0c01626,IG
10184,5392,Cc1ccc(cc1)[S](=O)(=O)n2c3C[C@@]4(C[C@@H](C=C4)c3c5ccccc25)C(=O)OC(C)(C)C,15.0,0.8,0.1,10.1021/acs.orglett.0c04030,IG
10303,5459,C[C@@]1(CN(Cc2ccccc2)C(=O)c3ccccc13)C=C,11.3,1.0,0.1,10.1016/j.gresc.2021.10.006,IG
10304,5459,C[C@]1(CN(Cc2ccccc2)C(=O)c3ccccc13)C=C,13.6,1.0,0.1,10.1016/j.gresc.2021.10.006,IG
10379,5502,Cc1cccc(c1)[C@@H](COCc2ccccc2)C(=O)c3cccc(C)c3,12.44,1.0,0.03,10.1002/anie.201903007,IG
10380,5502,Cc1cccc(c1)[C@H](COCc2ccccc2)C(=O)c3cccc(C)c3,13.65,1.0,0.03,10.1002/anie.201903007,IG
10427,5528,COc1ccc2CC[C@](C(=O)OC(C)(C)C)(C(=O)c2c1)C(C)(C)C=C,15.8,0.5,0.01,10.1021/acs.orglett.8b04030,IG
10428,5528,COc1ccc2CC[C@@](C(=O)OC(C)(C)C)(C(=O)c2c1)C(C)(C)C=C,13.7,0.5,0.01,10.1021/acs.orglett.8b04030,IG
10574,5610,CC(C)N(C(C)C)C(=S)[C@@H](C)Cc1ccc(C=C)cc1,9.73,1.0,0.01,10.1002/anie.202004485,IG
10575,5610,CC(C)N(C(C)C)C(=S)[C@H](C)Cc1ccc(C=C)cc1,13.88,1.0,0.01,10.1002/anie.202004485,IG
11093,5895,CC[C@H](C#C[Si](C(C)C)(C(C)C)C(C)C)c1ccc(Cl)nc1,15.06,0.3,0.01,10.1021/jacs.0c09125,IG
11094,5895,CC[C@@H](C#C[Si](C(C)C)(C(C)C)C(C)C)c1ccc(Cl)nc1,14.43,0.3,0.01,10.1021/jacs.0c09125,IG
11264,5987,O[C@@]1(CCCCC1=O)c2ccc(F)cc2,15.89,1.0,0.1,10.1021/acs.orglett.0c01626,IG
11265,5987,O[C@]1(CCCCC1=O)c2ccc(F)cc2,14.65,1.0,0.1,10.1021/acs.orglett.0c01626,IG
11425,6078,Cc1ccc(cc1)[C@]2(CC#C)CC(=C)OC2=O,16.0,2.0,0.003,10.1016/j.tetlet.2020.152106,IG
11426,6078,Cc1ccc(cc1)[C@@]2(CC#C)CC(=C)OC2=O,14.83,2.0,0.003,10.1016/j.tetlet.2020.152106,IG
11483,6110,COC1=C(CC=C)C(=O)[C@@]2(CC(=C)C[C@@]1(CC=C)C2=O)C(=O)c3ccccc3C,21.8,1.0,0.1,10.1021/acs.orglett.1c02842,IG
11766,6263,Cc1ccccc1COC[C@@H](C(=O)c2ccccc2)c3ccccc3,14.09,1.0,0.03,10.1002/anie.201903007,IG
11767,6263,Cc1ccccc1COC[C@H](C(=O)c2ccccc2)c3ccccc3,15.26,1.0,0.03,10.1002/anie.201903007,IG
11819,6291,Cc1cccc(c1)[C@@]2(O)CCCCC2=O,17.94,1.0,0.1,10.1021/acs.orglett.0c01626,IG
11820,6291,Cc1cccc(c1)[C@]2(O)CCCCC2=O,15.3,1.0,0.1,10.1021/acs.orglett.0c01626,IG
11853,6308,Fc1ccc(cc1)[C@]2(CC#C)CC(=C)OC2=O,16.22,1.0,0.01,10.1016/j.tetlet.2020.152106,IG
11854,6308,Fc1ccc(cc1)[C@@]2(CC#C)CC(=C)OC2=O,15.32,1.0,0.01,10.1016/j.tetlet.2020.152106,IG
11984,6378,C=C[C@@H]1COC(=O)[C@]12CCc3ccccc3C2=O,17.4,1.0,0.15,10.1021/acs.orglett.8b04030,IG
12006,6392,COC(=O)[C@@]1(O[C@@H]1C(=O)OC(C)(C)C)C(=Nc2ccccc2)C(=O)c3ccccc3,12.3,1.0,0.2,10.1021/acs.orglett.0c02108,IG
12016,6399,Fc1ccc(cc1)[C@@H](COCc2ccccc2)C(=O)c3ccc(F)cc3,12.69,1.0,0.03,10.1002/anie.201903007,IG
12017,6399,Fc1ccc(cc1)[C@H](COCc2ccccc2)C(=O)c3ccc(F)cc3,15.55,1.0,0.03,10.1002/anie.201903007,IG
12153,6477,O[C@@]1(CCCCC1=O)c2ccc(Cl)cc2,16.96,1.0,0.1,10.1021/acs.orglett.0c01626,IG
12154,6477,O[C@]1(CCCCC1=O)c2ccc(Cl)cc2,15.78,1.0,0.1,10.1021/acs.orglett.0c01626,IG
12466,6647,CC(C)N(C(C)C)C(=S)[C@@H](C)Cc1cccc(C)c1,13.42,0.7,0.01,10.1002/anie.202004485,IG
12467,6647,CC(C)N(C(C)C)C(=S)[C@H](C)Cc1cccc(C)c1,16.13,0.7,0.01,10.1002/anie.202004485,IG
12470,6649,COc1ccc(N[C@H](CCc2ccccc2)C(Cl)=C)cc1,17.692,1.0,0.01,10.1021/jacs.1c04016,IG
12471,6649,COc1ccc(N[C@@H](CCc2ccccc2)C(Cl)=C)cc1,16.147,1.0,0.01,10.1021/jacs.1c04016,IG
12509,6670,C=C[C@H]1COC(=O)[C@]12CCc3ccccc3C2=O,14.7,1.0,0.15,10.1021/acs.orglett.8b04030,IG
12510,6670,C=C[C@@H]1COC(=O)[C@]12CCc3ccccc3C2=O,16.2,1.0,0.15,10.1021/acs.orglett.8b04030,IG
12693,6768,CCCCOC(=O)[C@H]1O[C@]1(C(=O)OC)C(=Nc2ccccc2)C(=O)c3ccccc3,17.63,1.0,0.2,10.1021/acs.orglett.0c02108,IG
12694,6768,CCCCOC(=O)[C@@H]1O[C@]1(C(=O)OC)C(=Nc2ccccc2)C(=O)c3ccccc3,16.41,1.0,0.2,10.1021/acs.orglett.0c02108,IG
12714,6780,CCOC(=O)[C@]1(CCc2ccccc2C1=O)C3(CCCCC3)C=C,11.9,0.8,0.01,10.1021/acs.orglett.8b04030,IG
12715,6780,CCOC(=O)[C@@]1(CCc2ccccc2C1=O)C3(CCCCC3)C=C,16.5,0.8,0.01,10.1021/acs.orglett.8b04030,IG
12798,6824,Clc1ccc(cc1)[C@@H](COCc2ccccc2)C(=O)c3ccc(Cl)cc3,14.55,1.0,0.03,10.1002/anie.201903007,IG
12799,6824,Clc1ccc(cc1)[C@H](COCc2ccccc2)C(=O)c3ccc(Cl)cc3,16.6,1.0,0.03,10.1002/anie.201903007,IG
12800,6825,Clc1ccc(cc1)[C@]2(CC#C)CC(=C)OC2=O,15.15,2.0,0.003,10.1016/j.tetlet.2020.152106,IG
12801,6825,Clc1ccc(cc1)[C@@]2(CC#C)CC(=C)OC2=O,16.6,2.0,0.003,10.1016/j.tetlet.2020.152106,IG
13150,7019,COC(=O)[C@@]1(O[C@@H]1C(=O)OC2CCCC2)C(=Nc3ccccc3)C(=O)c4ccccc4,21.15,1.0,0.2,10.1021/acs.orglett.0c02108,IG
13188,7041,Cc1ccc(cc1)[S](=O)(=O)n2c3C[C@@]4(C[C@@H](C=C4)c3c5cc(ccc25)C(F)(F)F)C(=O)OCc6ccccc6,20.8,0.8,0.1,10.1021/acs.orglett.0c04030,IG
13271,7085,C=C[C@@H](CCc1ccccc1)C(Cc2ccccc2)(C#N)C#N,20.31,1.0,0.01,10.1021/acs.orglett.0c00962,IG
13272,7085,C=C[C@H](CCc1ccccc1)C(Cc2ccccc2)(C#N)C#N,17.25,1.0,0.01,10.1021/acs.orglett.0c00962,IG
13470,7186,CC(C)N(C(C)C)C(=S)[C@@H](C)Cc1ccc(Cl)cc1,13.18,0.7,0.01,10.1002/anie.202004485,IG
13471,7186,CC(C)N(C(C)C)C(=S)[C@H](C)Cc1ccc(Cl)cc1,17.51,0.7,0.01,10.1002/anie.202004485,IG
13584,7249,Cc1cccc(COC[C@@H](C(=O)c2ccccc2)c3ccccc3)c1,15.99,1.0,0.03,10.1002/anie.201903007,IG
13585,7249,Cc1cccc(COC[C@H](C(=O)c2ccccc2)c3ccccc3)c1,17.74,1.0,0.03,10.1002/anie.201903007,IG
13694,7311,COc1ccc(CN2C[C@](C)(C=C)c3ccc(F)cc3C2=O)cc1,16.3,1.0,0.2,10.1016/j.gresc.2021.10.006,IG
13695,7311,COc1ccc(CN2C[C@@](C)(C=C)c3ccc(F)cc3C2=O)cc1,17.9,1.0,0.2,10.1016/j.gresc.2021.10.006,IG
13783,7361,Brc1ccc(cc1)[C@]2(CC#C)CC(=C)OC2=O,16.27,2.0,0.005,10.1016/j.tetlet.2020.152106,IG
13784,7361,Brc1ccc(cc1)[C@@]2(CC#C)CC(=C)OC2=O,18.05,2.0,0.005,10.1016/j.tetlet.2020.152106,IG
13832,7387,C=Cc1ccc(cc1)[C@]2(CC#C)CC(=C)OC2=O,19.39,2.0,0.01,10.1016/j.tetlet.2020.152106,IG
13858,7402,COC(=O)[C@H]1[C@H]([C@@H]([C@H]2N1CCc3ccccc23)C(=O)n4nc(C)cc4C)c5ccc(OC)cc5,21.794,1.0,0.1,10.1002/chem.202102476,IG
13976,7468,FC(F)(F)c1ccc(cc1)[C@]2(CC#C)CC(=C)OC2=O,19.29,1.0,0.005,10.1016/j.tetlet.2020.152106,IG
13977,7468,FC(F)(F)c1ccc(cc1)[C@@]2(CC#C)CC(=C)OC2=O,18.37,1.0,0.005,10.1016/j.tetlet.2020.152106,IG
14013,7488,COC1=C(CC=C)C(=O)[C@@]2(CC(=C)C[C@@]1(CC=C)C2=O)C(=O)c3cc(C)cc(C)c3,28.0,1.0,0.2,10.1021/acs.orglett.1c02842,IG
14040,7502,O[C@@]1(CCCCC1=O)c2ccccc2,19.17,1.0,0.1,10.1021/acs.orglett.0c01626,IG
14041,7502,O[C@]1(CCCCC1=O)c2ccccc2,18.46,1.0,0.1,10.1021/acs.orglett.0c01626,IG
14122,7550,COc1ccc(CN2C[C@](C)(C=C)c3c(C)cccc3C2=O)cc1,17.4,1.0,0.2,10.1016/j.gresc.2021.10.006,IG
14123,7550,COc1ccc(CN2C[C@@](C)(C=C)c3c(C)cccc3C2=O)cc1,18.6,1.0,0.2,10.1016/j.gresc.2021.10.006,IG
14221,7605,Cc1ccc(cc1)[C@@]2(O)CCCCC2=O,21.11,1.0,0.05,10.1021/acs.orglett.0c01626,IG
14222,7605,Cc1ccc(cc1)[C@]2(O)CCCCC2=O,18.78,1.0,0.05,10.1021/acs.orglett.0c01626,IG
14347,7675,COC(=O)c1ccc(C[C@H](C)C(=S)N(C(C)C)C(C)C)cc1,22.06,1.0,0.05,10.1002/anie.202004485,IG
14348,7675,COC(=O)c1ccc(C[C@@H](C)C(=S)N(C(C)C)C(C)C)cc1,18.97,1.0,0.05,10.1002/anie.202004485,IG
14580,7801,Cc1cccc(c1)C(=O)[C@H](COCc2ccccc2)c3ccccc3,17.29,1.0,0.02,10.1002/anie.201903007,IG
14581,7801,Cc1cccc(c1)C(=O)[C@@H](COCc2ccccc2)c3ccccc3,19.3,1.0,0.02,10.1002/anie.201903007,IG
14795,7917,COc1ccc(CN2C[C@](C)(C=C)c3ccc(Cl)cc3C2=O)cc1,17.2,1.0,0.2,10.1016/j.gresc.2021.10.006,IG
14796,7917,COc1ccc(CN2C[C@@](C)(C=C)c3ccc(Cl)cc3C2=O)cc1,19.7,1.0,0.2,10.1016/j.gresc.2021.10.006,IG
14977,8015,Brc1ccc(cc1)[C@@H](COCc2ccccc2)C(=O)c3ccc(Br)cc3,18.53,1.0,0.03,10.1002/anie.201903007,IG
14978,8015,Brc1ccc(cc1)[C@H](COCc2ccccc2)C(=O)c3ccc(Br)cc3,20.0,1.0,0.03,10.1002/anie.201903007,IG
15344,8218,COc1ccc(CN2C[C@](C)(C=C)c3ccccc3C2=O)cc1,17.6,1.0,0.2,10.1016/j.gresc.2021.10.006,IG
15345,8218,COc1ccc(CN2C[C@@](C)(C=C)c3ccccc3C2=O)cc1,20.8,1.0,0.2,10.1016/j.gresc.2021.10.006,IG
15378,8238,COc1ccc(cc1)[C@]2(CC#C)CC(=C)OC2=O,23.06,1.0,0.02,10.1016/j.tetlet.2020.152106,IG
15379,8238,COc1ccc(cc1)[C@@]2(CC#C)CC(=C)OC2=O,20.85,1.0,0.02,10.1016/j.tetlet.2020.152106,IG
15510,8312,COc1ccc(Br)cc1[C@@]2(O)CCCCC2=O,34.92,1.0,0.1,10.1021/acs.orglett.0c01626,IG
15511,8312,COc1ccc(Br)cc1[C@]2(O)CCCCC2=O,21.05,1.0,0.1,10.1021/acs.orglett.0c01626,IG
15606,8364,C=C1C[C@](CC#C)(C(=O)O1)c2cscc2,24.43,1.0,0.01,10.1016/j.tetlet.2020.152106,IG
15607,8364,C=C1C[C@@](CC#C)(C(=O)O1)c2cscc2,21.27,1.0,0.01,10.1016/j.tetlet.2020.152106,IG
15621,8373,COc1ccc(CN2C[C@](C)(C=C)c3ccc(C)cc3C2=O)cc1,17.4,1.0,0.2,10.1016/j.gresc.2021.10.006,IG
15622,8373,COc1ccc(CN2C[C@@](C)(C=C)c3ccc(C)cc3C2=O)cc1,21.3,1.0,0.2,10.1016/j.gresc.2021.10.006,IG
15943,8550,CCC[C@@H](Nc1ccc(cc1)C#N)C=C,24.325,1.0,0.02,10.1021/acscatal.0c00712,IG
15944,8550,CCC[C@H](Nc1ccc(cc1)C#N)C=C,21.954,1.0,0.02,10.1021/acscatal.0c00712,IG
16245,8718,COc1ccc(cc1)[C@@H](C=C)[C@@]2(O)C(=O)N(C)c3ccc(cc23)[N+]([O-])=O,24.697,1.0,0.15,10.1021/acs.orglett.1c03101,IG
16341,8772,COc1ccc(CN2C[C@](C)(C=C)c3ccc(Br)cc3C2=O)cc1,19.6,1.0,0.2,10.1016/j.gresc.2021.10.006,IG
16342,8772,COc1ccc(CN2C[C@@](C)(C=C)c3ccc(Br)cc3C2=O)cc1,22.9,1.0,0.2,10.1016/j.gresc.2021.10.006,IG
16486,8856,COc1ccc(CN2C[C@](C)(C=C)c3ccc4OCOc4c3C2=O)cc1,19.3,2.0,0.2,10.1016/j.gresc.2021.10.006,IG
16487,8856,COc1ccc(CN2C[C@@](C)(C=C)c3ccc4OCOc4c3C2=O)cc1,23.3,2.0,0.2,10.1016/j.gresc.2021.10.006,IG
16528,8879,CN(C)C(=O)[C@@](CC#C)(CC(C)=O)c1ccccc1,21.69,2.0,0.05,10.1016/j.tetlet.2020.152106,IG
16529,8879,CN(C)C(=O)[C@](CC#C)(CC(C)=O)c1ccccc1,23.37,2.0,0.05,10.1016/j.tetlet.2020.152106,IG
16801,9028,O[C@@]1(CCCCC1=O)c2ccc3ccccc3c2,41.18,1.0,0.1,10.1021/acs.orglett.0c01626,IG
16802,9028,O[C@]1(CCCCC1=O)c2ccc3ccccc3c2,24.02,1.0,0.1,10.1021/acs.orglett.0c01626,IG
16820,9040,C=C1C[C@](CC#Cc2ccccc2)(C(=O)O1)c3ccccc3,33.66,2.0,0.01,10.1016/j.tetlet.2020.152106,IG
16821,9040,C=C1C[C@@](CC#Cc2ccccc2)(C(=O)O1)c3ccccc3,24.11,2.0,0.01,10.1016/j.tetlet.2020.152106,IG
16826,9043,CC(C)N(C(C)C)C(=S)[C@@H](C)Cc1ccc(F)cc1,22.88,0.4,0.01,10.1002/anie.202004485,IG
16827,9043,CC(C)N(C(C)C)C(=S)[C@H](C)Cc1ccc(F)cc1,24.14,0.4,0.01,10.1002/anie.202004485,IG
17098,9199,Cc1ccc(cc1)[S](=O)(=O)n2c3C[C@@]4(C[C@@H](C=C4)c3c5cc(F)c(C)cc25)C(=O)OCc6ccccc6,31.1,0.8,0.1,10.1021/acs.orglett.0c04030,IG
17288,9306,Cc1ccc(cc1)[S](=O)(=O)n2c3C[C@@]4(C[C@@H](C=C4)c3c5cc(F)c(F)cc25)C(=O)OCc6ccccc6,30.1,0.8,0.1,10.1021/acs.orglett.0c04030,IG
17329,9332,COc1cccc(c1)C(=O)[C@@]23CC(=C)C[C@@](CC=C)(C2=O)C(=C(CC=C)C3=O)OC,45.1,1.0,0.2,10.1021/acs.orglett.1c02842,IG
17442,9396,COc1ccc(CN2C[C@](C)(C=C)c3cc4ccccc4cc3C2=O)cc1,14.0,2.0,0.3,10.1016/j.gresc.2021.10.006,IG
17443,9396,COc1ccc(CN2C[C@@](C)(C=C)c3cc4ccccc4cc3C2=O)cc1,26.0,2.0,0.3,10.1016/j.gresc.2021.10.006,IG
17468,9410,COc1ccc(CN2C[C@](C)(C=C)c3cc4OCOc4cc3C2=O)cc1,19.0,2.0,0.2,10.1016/j.gresc.2021.10.006,IG
17469,9410,COc1ccc(CN2C[C@@](C)(C=C)c3cc4OCOc4cc3C2=O)cc1,26.1,2.0,0.2,10.1016/j.gresc.2021.10.006,IG
17890,9649,Cc1ccc(cc1)[S](=O)(=O)n2c3C[C@@]4(C[C@@H](C=C4)c3c5cc(Cl)ccc25)C(=O)OCc6ccccc6,34.4,0.8,0.1,10.1021/acs.orglett.0c04030,IG
18213,9828,[O-][N+](=O)c1ccc(cc1)[S](=O)(=O)n2c3C[C@@]4(C[C@@H](C=C4)c3c5ccccc25)C(=O)OCc6ccccc6,35.6,0.7,0.2,10.1021/acs.orglett.0c04030,IG
18347,9902,Cc1ccc(cc1)[S](=O)(=O)n2c3C[C@@]4(C[C@@H](C=C4)c3c5cc(F)ccc25)C(=O)OCc6ccccc6,35.6,0.8,0.1,10.1021/acs.orglett.0c04030,IG
18369,9915,COc1ccc(CN2C[C@](C)(C=C)c3ccc(OC)cc3C2=O)cc1,23.2,1.0,0.2,10.1016/j.gresc.2021.10.006,IG
18370,9915,COc1ccc(CN2C[C@@](C)(C=C)c3ccc(OC)cc3C2=O)cc1,29.5,1.0,0.2,10.1016/j.gresc.2021.10.006,IG
18375,9918,Cc1ccc(cc1)[S](=O)(=O)n2c3C[C@@]4(C[C@@H](C=C4)c3c5ccc(Cl)cc25)C(=O)OCc6ccccc6,35.7,0.8,0.1,10.1021/acs.orglett.0c04030,IG
18635,10065,CC(C)N(C(C)C)C(=S)[C@@H](C)Cc1ccc(cc1)C#N,33.07,0.7,0.03,10.1002/anie.202004485,IG
18636,10065,CC(C)N(C(C)C)C(=S)[C@H](C)Cc1ccc(cc1)C#N,30.34,0.7,0.03,10.1002/anie.202004485,IG
18717,10113,Cc1ccc(cc1)[S](=O)(=O)n2c3C[C@@]4(C[C@@H](C=C4)c3c5cc(Cl)cc(F)c25)C(=O)OCc6ccccc6,33.7,0.8,0.1,10.1021/acs.orglett.0c04030,IG
18744,10128,Cc1ccc(cc1)[S](=O)(=O)n2c3C[C@@]4(C[C@@H](C=C4)c3c5ccc(C)cc25)C(=O)OCc6ccccc6,38.1,0.8,0.1,10.1021/acs.orglett.0c04030,IG
18814,10167,CC(C)(C)c1ccc(cc1)[C@H](C2CO2)[P](=O)(c3ccccc3)c4ccccc4,28.791,1.0,0.2,10.1021/jacs.2c00239,IG
18815,10167,CC(C)(C)c1ccc(cc1)[C@@H](C2CO2)[P](=O)(c3ccccc3)c4ccccc4,31.025,1.0,0.2,10.1021/jacs.2c00239,IG
18870,10198,Cc1ccc(cc1)[S](=O)(=O)n2c3C[C@@]4(C[C@@H](C=C4)c3c5ccc(C)cc25)C(=O)OCc6ccccc6,40.9,0.8,0.1,10.1021/acs.orglett.0c04030,IG
18982,10265,Cc1ccc(cc1)[S](=O)(=O)n2c3C[C@@]4(C[C@@H](C=C4)c3c5ccc(F)cc25)C(=O)OCc6ccccc6,38.7,0.8,0.1,10.1021/acs.orglett.0c04030,IG
19526,10581,Cc1ccc(cc1)[C@@H](COCc2ccccc2)C(=O)c3ccccc3,32.99,1.0,0.02,10.1002/anie.201903007,IG
19527,10581,Cc1ccc(cc1)[C@H](COCc2ccccc2)C(=O)c3ccccc3,35.3,1.0,0.02,10.1002/anie.201903007,IG
20005,10843,Cc1ccc(cc1)[S](=O)(=O)n2c3C[C@@]4(C[C@@H](C=C4)c3c5cc(F)cc(Cl)c25)C(=O)OCc6ccccc6,42.6,0.8,0.1,10.1021/acs.orglett.0c04030,IG
20023,10853,COC1=C(CC=C)C(=O)[C@@]2(CC(=C)C[C@@]1(CC=C)C2=O)C(=O)c3cccc(C)c3,61.8,1.0,0.1,10.1021/acs.orglett.1c02842,IG
20219,10962,CC(C)(C)OC(=O)[C@]1(CCc2cc(Cl)ccc2C1=O)C(C)(C)C=C,7.0,1.0,0.02,10.1021/acs.orglett.8b04030,IG
20220,10962,CC(C)(C)OC(=O)[C@@]1(CCc2cc(Cl)ccc2C1=O)C(C)(C)C=C,4.8,1.0,0.02,10.1021/acs.orglett.8b04030,IG
20340,11028,C=C1C[C@](CC#C)(C(=O)O1)c2ccc(cc2)C#Cc3ccccc3,35.22,2.0,0.01,10.1016/j.tetlet.2020.152106,IG
20341,11028,C=C1C[C@@](CC#C)(C(=O)O1)c2ccc(cc2)C#Cc3ccccc3,40.95,2.0,0.01,10.1016/j.tetlet.2020.152106,IG
20373,11046,O[C@@]1(CCCCC1=O)c2ccc3OCOc3c2,51.55,1.0,0.1,10.1021/acs.orglett.0c01626,IG
20374,11046,O[C@]1(CCCCC1=O)c2ccc3OCOc3c2,41.27,1.0,0.1,10.1021/acs.orglett.0c01626,IG
20561,11154,CC[C@@H](C#Cc1cscc1)C(=O)N(C)c2ccccc2,48.32,0.9,0.03,10.1002/anie.202006317,IG
20562,11154,CC[C@H](C#Cc1cscc1)C(=O)N(C)c2ccccc2,43.68,0.9,0.03,10.1002/anie.202006317,IG
20705,11237,CC[C@@H](C#Cc1cccc(OC)c1)C(=O)N(C)c2ccccc2,39.44,0.9,0.05,10.1002/anie.202006317,IG
20706,11237,CC[C@H](C#Cc1cccc(OC)c1)C(=O)N(C)c2ccccc2,46.02,0.9,0.05,10.1002/anie.202006317,IG
20909,11353,COC(=O)[C@@](CC#C)(CC(C)=O)c1ccccc1,6.62,2.0,0.05,10.1016/j.tetlet.2020.152106,IG
20910,11353,COC(=O)[C@](CC#C)(CC(C)=O)c1ccccc1,5.08,2.0,0.05,10.1016/j.tetlet.2020.152106,IG
21016,11414,FC(F)(F)CN[C@H](CCc1ccccc1)C=C,4.76,1.0,0.001,10.1021/jacs.9b06035,IG
21017,11414,FC(F)(F)CN[C@@H](CCc1ccccc1)C=C,5.3,1.0,0.001,10.1021/jacs.9b06035,IG
21199,11520,COc1cccc2C(=O)[C@](CCc12)(C(=O)OC(C)(C)C)C(C)(C)C=C,6.9,1.0,0.02,10.1021/acs.orglett.8b04030,IG
21200,11520,COc1cccc2C(=O)[C@@](CCc12)(C(=O)OC(C)(C)C)C(C)(C)C=C,5.7,1.0,0.02,10.1021/acs.orglett.8b04030,IG
21664,11791,CC(=O)c1ccc2n(c3C[C@@]4(C[C@@H](C=C4)c3c2c1)C(=O)OCc5ccccc5)[S](=O)(=O)c6ccc(C)cc6,73.1,0.7,0.2,10.1021/acs.orglett.0c04030,IG
21839,11896,CC(C)(C)OC(=O)[C@]1(CCc2ccc(Br)cc2C1=O)C(C)(C)C=C,6.4,0.8,0.0,10.1021/acs.orglett.8b04030,IG
21840,11896,CC(C)(C)OC(=O)[C@@]1(CCc2ccc(Br)cc2C1=O)C(C)(C)C=C,6.1,0.8,0.0,10.1021/acs.orglett.8b04030,IG
21898,11928,OC(=O)C=C[C@@H](N(Cc1ccccc1)Cc2ccccc2)c3ccccc3,6.803,1.0,0.3,10.1021/jacs.1c04367,IG
21899,11928,OC(=O)C=C[C@H](N(Cc1ccccc1)Cc2ccccc2)c3ccccc3,6.176,1.0,0.3,10.1021/jacs.1c04367,IG
22121,12051,O[C@@]1(CCCC[C@]1(O)c2ccccc2)C=C,12.47,1.0,0.1,10.1021/acs.orglett.0c01626,IG
22124,12053,CC(C)N(C(C)C)C(=S)[C@@H](C)Cc1ccc(Br)cc1,6.89,1.0,0.05,10.1002/anie.202004485,IG
22125,12053,CC(C)N(C(C)C)C(=S)[C@H](C)Cc1ccc(Br)cc1,6.48,1.0,0.05,10.1002/anie.202004485,IG
22241,12119,CC(C)N(C(C)C)C(=S)[C@@H](C)Cc1ccccc1C,6.29,1.0,0.03,10.1002/anie.202004485,IG
22242,12119,CC(C)N(C(C)C)C(=S)[C@H](C)Cc1ccccc1C,6.61,1.0,0.03,10.1002/anie.202004485,IG
22325,12166,CC(C)N(C(C)C)C(=S)[C@@H](C)Cc1ccc(C)cc1,6.46,1.0,0.05,10.1002/anie.202004485,IG
22326,12166,CC(C)N(C(C)C)C(=S)[C@H](C)Cc1ccc(C)cc1,6.73,1.0,0.05,10.1002/anie.202004485,IG
22529,12277,COc1ccc2n(c3C[C@@]4(C[C@@H](C=C4)c3c2c1)C(=O)OCc5ccccc5)[S](=O)(=O)c6ccc(C)cc6,71.0,0.8,0.1,10.1021/acs.orglett.0c04030,IG
22699,12384,C[C@@]1(CNC(=O)c2ccccc12)CC#C,6.0,2.0,0.2,10.1002/anie.201913367,IG
22700,12384,C[C@]1(CNC(=O)c2ccccc12)CC#C,7.0,2.0,0.2,10.1002/anie.201913367,IG
23610,12890,OCCCCc1cnc2c(CC[C@]2(Cc3ccccc3)C#N)c1,59.284,1.0,0.1,10.1002/anie.202105452,IG
23611,12890,OCCCCc1cnc2c(CC[C@@]2(Cc3ccccc3)C#N)c1,70.138,1.0,0.1,10.1002/anie.202105452,IG
23617,12894,COC(=O)c1ccc2n(c3C[C@@]4(C[C@@H](C=C4)c3c2c1)C(=O)OCc5ccccc5)[S](=O)(=O)c6ccc(C)cc6,79.8,0.8,0.1,10.1021/acs.orglett.0c04030,IG
23833,13022,CCCCC[C@H](C=C)n1c2CCCCc2c3ccccc13,7.4,0.5,0.001,10.1002/chem.202004613,IG
23834,13022,CCCCC[C@@H](C=C)n1c2CCCCc2c3ccccc13,8.1,0.5,0.001,10.1002/chem.202004613,IG
23951,13086,C[C@]1(CC(=NN1[S](=O)(=O)c2cc(cc(c2)C(F)(F)F)C(F)(F)F)c3ccccc3)c4ccccc4,11.12,1.0,0.05,10.1038/s41929/020/0460/y,IG
23952,13086,C[C@@]1(CC(=NN1[S](=O)(=O)c2cc(cc(c2)C(F)(F)F)C(F)(F)F)c3ccccc3)c4ccccc4,8.23,1.0,0.05,10.1038/s41929/020/0460/y,IG
24020,13127,CC(C)(C=C)[C@@]1(CCc2ccccc2C1=O)C(=O)OCC=C,7.6,1.0,0.01,10.1021/acs.orglett.8b04030,IG
24021,13127,CC(C)(C=C)[C@]1(CCc2ccccc2C1=O)C(=O)OCC=C,8.3,1.0,0.01,10.1021/acs.orglett.8b04030,IG
24096,13167,CC(C)(C)NC(=O)[C@]1(Cc2ccccc2C1=O)C(=C)c3ccc(Cl)cc3,7.03,1.0,0.1,10.1038/s41467/021/23105/z,IG
24097,13167,CC(C)(C)NC(=O)[C@@]1(Cc2ccccc2C1=O)C(=C)c3ccc(Cl)cc3,8.39,1.0,0.1,10.1038/s41467/021/23105/z,IG
24115,13178,CC(C)(C)OC(=O)[C@]1(CCc2cc(ccc2C1=O)c3ccccc3)C(C)(C)C=C,14.7,1.0,0.02,10.1021/acs.orglett.8b04030,IG
24116,13178,CC(C)(C)OC(=O)[C@@]1(CCc2cc(ccc2C1=O)c3ccccc3)C(C)(C)C=C,8.4,1.0,0.02,10.1021/acs.orglett.8b04030,IG
24141,13194,CC(C)(C)OC(=O)[C@]1(CCc2cc(ccc2C1=O)C#Cc3ccccc3)C(C)(C)C=C,9.3,1.0,0.02,10.1021/acs.orglett.8b04030,IG
24142,13194,CC(C)(C)OC(=O)[C@@]1(CCc2cc(ccc2C1=O)C#Cc3ccccc3)C(C)(C)C=C,8.4,1.0,0.02,10.1021/acs.orglett.8b04030,IG
24300,13280,CC(C)(C)OC(=O)[C@]1(CCc2ccccc2C1=O)C(C)(C)C=C,10.4,0.6,0.01,10.1021/acs.orglett.8b04030,IG
24301,13280,CC(C)(C)OC(=O)[C@@]1(CCc2ccccc2C1=O)C(C)(C)C=C,8.6,0.6,0.01,10.1021/acs.orglett.8b04030,IG
24695,13497,CN1C(=O)[C@]2(O[C@]1(C)[C@]3([C@@H]2C(=O)OC(C)(C)C)C(=O)N(C(=O)OC(C)(C)C)c4ccccc34)C(C)=O,8.01,1.0,0.3,10.1039/D1CC03685H,IG
24747,13530,CCC[C@H](C=C)C([S](=O)(=O)c1ccccc1)[S](=O)(=O)c2ccccc2,85.927,0.5,0.03,10.1021/acscatal.0c00712,IG
24748,13530,CCC[C@@H](C=C)C([S](=O)(=O)c1ccccc1)[S](=O)(=O)c2ccccc2,89.867,0.5,0.03,10.1021/acscatal.0c00712,IG
24757,13535,CC(C)(C)c1ccc(cc1)[C@]2(CC#C)CC(=C)OC2=O,10.75,2.0,0.003,10.1016/j.tetlet.2020.152106,IG
24758,13535,CC(C)(C)c1ccc(cc1)[C@@]2(CC#C)CC(=C)OC2=O,9.0,2.0,0.003,10.1016/j.tetlet.2020.152106,IG
24843,13583,CCCCC[C@H](C=C)n1ccc2cc(I)ccc12,10.0,0.5,0.001,10.1002/chem.202004613,IG
24844,13583,CCCCC[C@@H](C=C)n1ccc2cc(I)ccc12,9.1,0.5,0.001,10.1002/chem.202004613,IG
24875,13601,COc1ccc2c(CC[C@](C(=O)OC(C)(C)C)(C2=O)C(C)(C)C=C)c1,17.2,1.0,0.02,10.1021/acs.orglett.8b04030,IG
24876,13601,COc1ccc2c(CC[C@@](C(=O)OC(C)(C)C)(C2=O)C(C)(C)C=C)c1,9.1,1.0,0.02,10.1021/acs.orglett.8b04030,IG
25238,13799,O[C@@]1(CCCCC1=O)c2ccc(cc2)C(F)(F)F,8.61,1.0,0.1,10.1021/acs.orglett.0c01626,IG
25239,13799,O[C@]1(CCCCC1=O)c2ccc(cc2)C(F)(F)F,9.46,1.0,0.1,10.1021/acs.orglett.0c01626,IG
25259,13811,CC(C)N(C(C)C)C(=S)[C@@H](Cc1ccccc1)Cc2ccc(Cl)cc2,8.68,1.0,0.01,10.1002/anie.202004485,IG
25260,13811,CC(C)N(C(C)C)C(=S)[C@H](Cc1ccccc1)Cc2ccc(Cl)cc2,9.49,1.0,0.01,10.1002/anie.202004485,IG
25334,13853,Cc1ccc(COC[C@@H](C(=O)c2ccccc2)c3ccccc3)cc1,10.51,1.0,0.03,10.1002/anie.201903007,IG
25335,13853,Cc1ccc(COC[C@H](C(=O)c2ccccc2)c3ccccc3)cc1,9.55,1.0,0.03,10.1002/anie.201903007,IG
25461,13923,CN1C(=O)[C@]2(O[C@]1(c3cccc(Cl)c3)[C@]4([C@@H]2C(=O)OC(C)(C)C)C(=O)N(C(=O)OC(C)(C)C)c5ccccc45)C(C)=O,8.05,1.0,0.2,10.1039/D1CC03685H,IG
25735,14072,CCCCC[C@H](C=C)n1c2ccccc2cc1c3ccccc3,11.3,0.5,0.001,10.1002/chem.202004613,IG
25736,14072,CCCCC[C@@H](C=C)n1c2ccccc2cc1c3ccccc3,9.9,0.5,0.001,10.1002/chem.202004613,IG
25827,14123,CCC[C@H](C=C)C([S](=O)(=O)c1ccccc1)[S](=O)(=O)c2ccccc2,86.38,0.5,0.03,10.1021/acs.orglett.0c00962,IG
25828,14123,CCC[C@@H](C=C)C([S](=O)(=O)c1ccccc1)[S](=O)(=O)c2ccccc2,90.37,0.5,0.03,10.1021/acs.orglett.0c00962,IG
25834,14127,N#CCCCc1cnc2c(CC[C@]2(Cc3ccccc3)C#N)c1,81.415,1.0,0.1,10.1002/anie.202105452,IG
25835,14127,N#CCCCc1cnc2c(CC[C@@]2(Cc3ccccc3)C#N)c1,91.405,1.0,0.1,10.1002/anie.202105452,IG
